,video_id,rating
0,XpVt6Z1Gjjo,15
1,cLdxuaxaQwc,5
2,WYYvHb03Eog,21
3,sjlHnJvXdQs,25
4,cMKX2tE5Luk,40
5,8wNr-NQImFg,16
6,_HTXMhKWqnA,21
7,_ANP3HR1jsM,30
8,zgLtEob6X-Q,24
9,Ayb_2qbZHm4,38
10,CsdzflTXBVQ,27
11,l864IBj7cgw,11
12,4MkC65emkG4,7
13,vu_9muoxT50,34
14,1L7JFN7tQLs,30
15,ZQK1F0wz6z4,25
16,T_PuZBdT2iM,13
17,w8fAellnPns,-2
18,UCrBICYM0yM,21
19,-Ifnaxi2LQg,27
20,B7YaMkCl3XA,18
21,5ywKal6-anc,4
22,4Yue-q9Jdbk,33
23,JhA1Wi9mrns,7
24,EVp4-qjWVJE,11
25,LcZ2AuvxXNA,36
26,MdzGZv3zQ-U,29
27,1ZNZY-gd3K0,-7
28,2wxyDrfwlXQ,44
29,QBGaO89cBMI,29
30,ql0Op1VcELw,31
31,JO7X9ZPoAp8,-8
32,GGm0FQ6i74U,18
33,a7Sf_H2cFdM,40
34,oDIDZ9EmQfA,23
35,zAtHxJvSczA,3
36,l_uNfGY3v8E,-16
37,Rew50oYjRqA,42
38,WWexI9YiLSc,23
39,LDcm6twPEJA,14
40,O78Lpo4ctSE,49
41,qJJHhVf3_ZM,-2
42,3yoGE3v4A8w,38
43,zTjcPeb2Gwg,40
44,hQbeB0YXLhs,71
45,L3f7_y9UPh4,44
46,6vGg-jJl30A,52
47,9CILSvf1snQ,44
48,WoPtuVbaSKQ,29
49,62cWuFjzOgs,6
50,NzRuDD0iYC0,3
51,eM_FR7I2Ttw,42
52,eoArC99zm1M,12
53,IMG0u0_cKNc,10
54,bAon04ZJhHE,12
55,LTnl36-0-zU,28
56,EmjMWi0MBXQ,10
57,c7ymY8QEB2g,54
58,Ez95rPffd8k,-20
59,08RHSZvixec,13
60,zAXn-v9RdXo,1
61,_SRNenu07Lw,2
62,iXexmZm3_j8,27
63,GpAuCG6iUcA,-8
64,eRDxDEhEgNY,33
65,AZTGeQ5msaU,15
66,yiblDn4JGfQ,57
67,xKXxJcf6_IE,18
68,YQYslaA1Lus,24
69,k9bYO7uSnrg,0
70,1nEp6DcHwhs,30
71,brfJuyTADuQ,16
72,bp6uJJJMaLs,29
73,ah8SQNOXgrQ,24
74,rHfyvSgvgoo,25
75,-JmNKGfFj7w,15
76,Vjc459T6wX8,27
77,O4pFdLJmG7M,13
78,E-NxvaVWjBM,6
79,ktl2mLsSq4o,24
80,S6eJbe5GyDo,3
81,NoxKH_v8b-8,4
82,aZkqHx5uri4,43
83,1Sm8A-u1vIA,8
84,JsTptu56GM8,30
85,ppGCbh8ggUs,37
86,tteLMfFDCb4,-1
87,etn4P80K5WU,38
88,DUFBEamEF0Q,12
89,B_CHjYoqPUU,23
90,kCKTmL5Hn-M,14
91,N4Jb3gkrGXI,15
92,0Yhaei1S5oQ,11
93,oePt4JgdyZo,14
94,amds5iNvFD4,31
95,OudFElslbh4,44
96,gmXuUgB7T3Y,49
97,gQvHtXWlXDE,18
98,LpZqwLZP5Vs,0
99,fCh5TVGaTSg,1
100,Pp19TkIU_fw,28
101,u6iVspBWzZU,23
102,-cYk6sbe11c,18
103,Mq9dxmh6JiE,25
104,_NlKTMvnjIc,9
105,3x-sUsazQ90,41
106,7Lyo5dCig-U,18
107,lwOQbMcXtfU,2
108,PJZOghDtOCM,1
109,7Gw-lN270qs,10
110,qZVm-2nM0sA,42
111,_uLmn_Dba08,20
112,vSDCb3bdFlw,-4
113,BdV0dkx2oik,-4
114,U1bpztJkdzk,22
115,PHXkhUJWTXM,1
116,X7ld45pUueQ,13
117,3hq2c9vdfls,0
118,wGQtrwey-TI,34
119,_GC5AVsf528,34
120,BRzPaDMeRks,39
121,C3cwtcomilA,13
122,jehAZhrI7oA,-12
123,-tCu0tKrzhc,39
124,qPDZZj6By3Y,12
125,J_e77K4n6Ts,15
126,7nh2Ra-5kY8,42
127,0tOUQt5fem0,6
128,zJufeAMRHy8,38
129,UpONjs5kLPc,0
130,AHrCI9eSJGQ,78
131,4LwpGaDKmZ8,44
132,f5F2whaRzqw,4
133,Alp_a88C8dY,15
134,MmAL1EOkLUo,1
135,5kZi3J2S52E,25
136,a6sywFdvURE,17
137,WAwRqecvMSY,9
138,uAipi4V5g34,7
139,pAsN4lSa7O0,48
140,9e6WeQeBjOI,2
141,xtDJ6uEyvnw,13
142,8QgMh02JvS8,19
143,fQxLlq7lxVM,51
144,T2W7UocH0Hs,31
145,zPGRU49esCU,44
146,ykvX-E1nuag,33
147,8fH_PAi6Yf4,75
148,TDskW3JvTAY,5
149,pwHvK07tUuw,62
150,U2CqZNd6rgM,42
151,7Ag2oDIeLvo,0
152,bF5sIEuv83k,52
153,CayHgjP1YNQ,43
154,FTIStPerVNw,14
155,AX8-YzMKZhQ,47
156,REyxoxScrbU,31
157,c3pFWJCQy5E,57
158,eJB1gcydsbU,20
159,AR4UgRJOUQY,9
160,DGlYMJRwevI,17
161,PGfSaVDymjk,9
162,a2B9pA8aGUc,2
163,A-fofQ9VpPQ,19
164,pCSgWJzEvrM,35
165,bnON1y-fKag,22
166,VCVjbrt30tY,28
167,2caEL5ATPX4,44
168,Ie50Nw9NkOk,2
169,tt2k8PGm-TI,42
170,mGqR9sgMIyA,-3
171,D1KpuWg2hc0,7
172,qh7QJ_jLam0,36
173,XovZ04gmQgE,44
174,Zy6vBxqlapw,44
175,VEoITVHfyGg,32
176,XwW6ZWaQ4bs,40
177,Lv5DFKceFac,45
178,4v38ugGj3u0,5
179,H_A0Z4S30Ds,35
180,ton42cZ6ZYU,21
181,lBspB4K-F-c,41
182,mTnRc4pVu4w,24
183,xo2B67vz4HA,9
184,rAh_16nooZA,55
185,PPg1gN_ey2o,34
186,k0WRpQU9zK0,34
187,-1fzGnFwz9M,33
188,ezgtjMfgxos,2
189,fM8yID63CSA,33
190,CYoRmfI0LUc,18
191,cNgT8qEQJ3w,8
192,scIizw2asro,27
193,XpVt6Z1Gjjo,-3
194,WYYvHb03Eog,18
195,xHvVhhFvLtY,19
196,F4ELqraXx-U,17
197,bvomHFZO0mk,20
198,9YyB6sQ4iwA,22
199,cLdxuaxaQwc,5
200,0eKdNcP4xrM,47
201,QQVWMp_xgGg,-4
202,sjlHnJvXdQs,14
203,l864IBj7cgw,1
204,8wNr-NQImFg,18
205,_HTXMhKWqnA,10
206,YSVlSmZWzm0,28
207,cOboLQMO4tQ,-15
208,cMKX2tE5Luk,28
209,4MkC65emkG4,24
210,vu_9muoxT50,18
211,TdH_NL35Nbw,17
212,-Ifnaxi2LQg,24
213,CsdzflTXBVQ,23
214,eERPlIdPJtI,61
215,R6ja9qNmOaM,18
216,1L7JFN7tQLs,46
217,zgLtEob6X-Q,16
218,ZQK1F0wz6z4,36
219,_ANP3HR1jsM,22
220,zAtHxJvSczA,8
221,Ayb_2qbZHm4,33
222,xzPRACH6YwE,22
223,zcqZHYo7ONs,21
224,4X6a3G_0HjY,3
225,unIkqhB2nA0,13
226,w8fAellnPns,7
227,UCrBICYM0yM,15
228,A0lYm7Qsbak,35
229,JhA1Wi9mrns,13
230,T_PuZBdT2iM,2
231,FMVw_Ty8qTY,69
232,QBGaO89cBMI,23
233,3qVHkOOyD5s,15
234,B7YaMkCl3XA,24
235,ZtXkNMbjOEE,20
236,LcZ2AuvxXNA,32
237,ql0Op1VcELw,22
238,4Yue-q9Jdbk,32
239,l_uNfGY3v8E,-16
240,xA70bP5uzao,50
241,IYvEhgYy35I,41
242,JO7X9ZPoAp8,24
243,q9o_VjdugHw,-2
244,HcNcOnIkQQU,48
245,QH0fGSqow3c,1
246,h_mpwaCJUrY,9
247,MdzGZv3zQ-U,41
248,62cWuFjzOgs,6
249,EVp4-qjWVJE,25
250,2wxyDrfwlXQ,46
251,lv5uC6cfO5c,30
252,uBGECC5U09Q,-2
253,F1DxLQbx_bU,47
254,H8t5M9_Tvzk,33
255,WWexI9YiLSc,10
256,1ZNZY-gd3K0,-9
257,wfZGngrCpys,18
258,_lGL4Um83LM,10
259,LDcm6twPEJA,7
260,giIP0XdT7SA,20
261,oDIDZ9EmQfA,18
262,i2kJUYeb1Kw,23
263,Vjc459T6wX8,34
264,JZDM1bLn7sM,44
265,O78Lpo4ctSE,47
266,NzRuDD0iYC0,0
267,a7Sf_H2cFdM,44
268,EmjMWi0MBXQ,10
269,zTjcPeb2Gwg,35
270,bAon04ZJhHE,15
271,L3f7_y9UPh4,42
272,6vGg-jJl30A,46
273,hQbeB0YXLhs,71
274,AZTGeQ5msaU,19
275,g6piCiaGMZs,13
276,NYD9ByC0c_I,35
277,EuvVOA8uvsc,27
278,ei6FVbMysc4,60
279,WoPtuVbaSKQ,32
280,bp6uJJJMaLs,32
281,0fsKoK9yLE0,29
282,yiblDn4JGfQ,63
283,o0hMhEsMUs0,84
284,ah8SQNOXgrQ,25
285,eM_FR7I2Ttw,35
286,Ez95rPffd8k,-23
287,08RHSZvixec,13
288,LTnl36-0-zU,22
289,eoArC99zm1M,18
290,xKXxJcf6_IE,17
291,z1g7n0QZvvE,3
292,qZVm-2nM0sA,47
293,brfJuyTADuQ,20
294,eRDxDEhEgNY,32
295,Rew50oYjRqA,40
296,GpAuCG6iUcA,-8
297,iXexmZm3_j8,25
298,3yoGE3v4A8w,34
299,YQYslaA1Lus,30
300,O4pFdLJmG7M,16
301,c7ymY8QEB2g,59
302,tteLMfFDCb4,-6
303,-JmNKGfFj7w,28
304,zAXn-v9RdXo,1
305,S6eJbe5GyDo,4
306,IMG0u0_cKNc,9
307,E-NxvaVWjBM,5
308,aZkqHx5uri4,52
309,S9_fwmdCyzo,-1
310,NoxKH_v8b-8,7
311,EgUXkpAyqps,5
312,JsTptu56GM8,32
313,1Sm8A-u1vIA,11
314,ppGCbh8ggUs,38
315,1nEp6DcHwhs,32
316,etn4P80K5WU,39
317,B_CHjYoqPUU,22
318,gQvHtXWlXDE,14
319,DUFBEamEF0Q,13
320,kCKTmL5Hn-M,10
321,rHfyvSgvgoo,22
322,0Yhaei1S5oQ,10
323,N4Jb3gkrGXI,15
324,ktl2mLsSq4o,24
325,OudFElslbh4,41
326,gmXuUgB7T3Y,50
327,oePt4JgdyZo,14
328,LpZqwLZP5Vs,-1
329,fCh5TVGaTSg,1
330,u6iVspBWzZU,26
331,-cYk6sbe11c,18
332,U1bpztJkdzk,21
333,Mq9dxmh6JiE,24
334,7Gw-lN270qs,8
335,lwOQbMcXtfU,3
336,_NlKTMvnjIc,6
337,Pp19TkIU_fw,29
338,C3cwtcomilA,13
339,3x-sUsazQ90,47
340,PJZOghDtOCM,0
341,_uLmn_Dba08,22
342,7Lyo5dCig-U,18
343,vSDCb3bdFlw,-4
344,BdV0dkx2oik,-4
345,PTXykKsrxpY,37
346,amds5iNvFD4,34
347,PHXkhUJWTXM,1
348,X7ld45pUueQ,13
349,3hq2c9vdfls,0
350,wGQtrwey-TI,34
351,_GC5AVsf528,34
352,7nh2Ra-5kY8,41
353,J_e77K4n6Ts,16
354,AHrCI9eSJGQ,78
355,jehAZhrI7oA,6
356,qPDZZj6By3Y,14
357,0tOUQt5fem0,5
358,zJufeAMRHy8,40
359,UpONjs5kLPc,0
360,H9KaqCBEvvg,10
361,f5F2whaRzqw,4
362,MmAL1EOkLUo,1
363,4LwpGaDKmZ8,19
364,5kZi3J2S52E,31
365,Alp_a88C8dY,10
366,WAwRqecvMSY,-6
367,pAsN4lSa7O0,43
368,uAipi4V5g34,8
369,9e6WeQeBjOI,2
370,CayHgjP1YNQ,45
371,xtDJ6uEyvnw,14
372,8QgMh02JvS8,16
373,fQxLlq7lxVM,59
374,T2W7UocH0Hs,31
375,zPGRU49esCU,43
376,ykvX-E1nuag,36
377,8fH_PAi6Yf4,80
378,a6sywFdvURE,16
379,pwHvK07tUuw,58
380,bF5sIEuv83k,54
381,7Ag2oDIeLvo,0
382,REyxoxScrbU,40
383,368_ovPsJk8,12
384,tBN9kLaS-uw,39
385,etmUU1bs41s,22
386,bvim4rsNHkQ,36
387,bZJpwidiMco,37
388,CYoRmfI0LUc,16
389,w-n3qiLeVqg,20
390,1u5jO57eD-U,19
391,FSOxXsYVJMQ,21
392,Xul7ku1XxRY,13
393,scIizw2asro,37
394,7YAAyUFL1GQ,35
395,nImFZRtGeAQ,17
396,cNgT8qEQJ3w,22
397,bvomHFZO0mk,22
398,XSLc0d5aM04,1
399,F4ELqraXx-U,34
400,TngCi2s5rmk,8
401,0eKdNcP4xrM,38
402,XpVt6Z1Gjjo,4
403,9YyB6sQ4iwA,18
404,xHvVhhFvLtY,21
405,cOboLQMO4tQ,-7
406,WYYvHb03Eog,13
407,MdBu21i9aEE,48
408,IDvy0ybpOUI,21
409,Zya-JNMJ62k,12
410,LolP3Y7_Irs,40
411,cxLQAuQsOWI,43
412,zKriLekFPwg,57
413,4X6a3G_0HjY,-11
414,t4QwhVt5Zk0,30
415,B8G8m08G_yo,13
416,O-eWLaO3gy4,49
417,AQa9pEkQ_0Y,58
418,UqmxHwLI9yg,32
419,cLdxuaxaQwc,9
420,CzYM4ZpSDJg,16
421,QQVWMp_xgGg,11
422,l864IBj7cgw,14
423,Wb-6fhfAn2I,32
424,sjlHnJvXdQs,23
425,_HTXMhKWqnA,22
426,CcoBJ-dEjGg,2
427,dWWQsXRwHb4,34
428,YSVlSmZWzm0,26
429,DdA7tUIzA5Q,62
430,bUUt0v4ziG4,-6
431,TdH_NL35Nbw,25
432,SjZWJoNYpHI,13
433,8wNr-NQImFg,14
434,TPnuT2TLvLQ,14
435,-s267WkYVoo,29
436,iIYXR4axaJY,44
437,4F2KWDQQMhY,64
438,Xqpf1FxU2q4,39
439,SMinvx9EkPs,10
440,fS5xHHqW-6E,49
441,z5eG8fD-hQw,-4
442,zcqZHYo7ONs,25
443,cMKX2tE5Luk,31
444,zAtHxJvSczA,10
445,FfRGxN2zeWU,58
446,eERPlIdPJtI,66
447,dtqlSPt4z20,9
448,q9o_VjdugHw,-1
449,-Ifnaxi2LQg,15
450,4MkC65emkG4,18
451,5eSSL8hRU_E,8
452,WCYHrvLTaqg,35
453,KEBDxhqhzF0,36
454,1L7JFN7tQLs,23
455,R6ja9qNmOaM,17
456,IYvEhgYy35I,38
457,ZtXkNMbjOEE,27
458,CsdzflTXBVQ,33
459,I1P7GoZcZpU,12
460,6z-X4r5JkyI,51
461,unIkqhB2nA0,2
462,lv5uC6cfO5c,4
463,5fsEPf_Uuao,22
464,ZQK1F0wz6z4,22
465,Q1eQw4ycgQM,3
466,zgLtEob6X-Q,28
467,A0lYm7Qsbak,38
468,Zmi9iQp6944,74
469,_ANP3HR1jsM,14
470,368_ovPsJk8,12
471,tBN9kLaS-uw,39
472,etmUU1bs41s,22
473,bvim4rsNHkQ,36
474,bZJpwidiMco,37
475,CYoRmfI0LUc,16
476,w-n3qiLeVqg,20
477,1u5jO57eD-U,19
478,FSOxXsYVJMQ,21
479,Xul7ku1XxRY,13
480,scIizw2asro,37
481,7YAAyUFL1GQ,35
482,nImFZRtGeAQ,17
483,cNgT8qEQJ3w,22
484,bvomHFZO0mk,22
485,XSLc0d5aM04,1
486,F4ELqraXx-U,34
487,TngCi2s5rmk,8
488,0eKdNcP4xrM,38
489,XpVt6Z1Gjjo,4
490,9YyB6sQ4iwA,18
491,xHvVhhFvLtY,21
492,cOboLQMO4tQ,-7
493,WYYvHb03Eog,13
494,MdBu21i9aEE,48
495,IDvy0ybpOUI,21
496,Zya-JNMJ62k,12
497,LolP3Y7_Irs,40
498,cxLQAuQsOWI,43
499,zKriLekFPwg,57
500,4X6a3G_0HjY,-11
501,t4QwhVt5Zk0,30
502,B8G8m08G_yo,13
503,O-eWLaO3gy4,49
504,AQa9pEkQ_0Y,58
505,UqmxHwLI9yg,32
506,cLdxuaxaQwc,9
507,CzYM4ZpSDJg,16
508,QQVWMp_xgGg,11
509,l864IBj7cgw,14
510,Wb-6fhfAn2I,32
511,sjlHnJvXdQs,23
512,_HTXMhKWqnA,22
513,CcoBJ-dEjGg,2
514,dWWQsXRwHb4,34
515,YSVlSmZWzm0,26
516,DdA7tUIzA5Q,62
517,bUUt0v4ziG4,-6
518,TdH_NL35Nbw,25
519,SjZWJoNYpHI,13
520,8wNr-NQImFg,14
521,TPnuT2TLvLQ,14
522,-s267WkYVoo,29
523,iIYXR4axaJY,44
524,4F2KWDQQMhY,64
525,Xqpf1FxU2q4,39
526,SMinvx9EkPs,10
527,fS5xHHqW-6E,49
528,z5eG8fD-hQw,-4
529,zcqZHYo7ONs,25
530,cMKX2tE5Luk,31
531,zAtHxJvSczA,10
532,FfRGxN2zeWU,58
533,eERPlIdPJtI,66
534,dtqlSPt4z20,9
535,q9o_VjdugHw,-1
536,-Ifnaxi2LQg,15
537,4MkC65emkG4,18
538,5eSSL8hRU_E,8
539,WCYHrvLTaqg,35
540,KEBDxhqhzF0,36
541,1L7JFN7tQLs,23
542,R6ja9qNmOaM,17
543,IYvEhgYy35I,38
544,ZtXkNMbjOEE,27
545,CsdzflTXBVQ,33
546,I1P7GoZcZpU,12
547,6z-X4r5JkyI,51
548,unIkqhB2nA0,2
549,lv5uC6cfO5c,4
550,5fsEPf_Uuao,22
551,ZQK1F0wz6z4,22
552,Q1eQw4ycgQM,3
553,zgLtEob6X-Q,28
554,A0lYm7Qsbak,38
555,Zmi9iQp6944,74
556,_ANP3HR1jsM,16
557,H8t5M9_Tvzk,44
558,Ayb_2qbZHm4,37
559,wfZGngrCpys,23
560,j3MvNvV27hw,79
561,QH0fGSqow3c,5
562,ZCQuasiJgYM,17
563,JhA1Wi9mrns,26
564,w8fAellnPns,13
565,UCrBICYM0yM,19
566,Iq13mG9l6o0,8
567,h_mpwaCJUrY,11
568,T_PuZBdT2iM,12
569,3qVHkOOyD5s,26
570,QBGaO89cBMI,26
571,RsG37JcEQNw,30
572,iptgKv3iApI,15
573,0fsKoK9yLE0,36
574,ql0Op1VcELw,34
575,EuvVOA8uvsc,31
576,4Yue-q9Jdbk,34
577,LcZ2AuvxXNA,33
578,_lGL4Um83LM,10
579,T_t-ByJoDgM,63
580,JO7X9ZPoAp8,12
581,KFUIVfKTeVg,-7
582,SHq2qrFUlGY,18
583,74zJ4scJzNs,-22
584,446dbFQEFJU,9
585,equByOb9j5E,1
586,RJuqdTXhDX4,7
587,etmUU1bs41s,9
588,2y7rk7eHHAM,14
589,368_ovPsJk8,15
590,Zr22PtGd1So,25
591,XvPWUkHjWG0,19
592,6x62O8A8qHw,26
593,0501BTnbrxg,34
594,lno7AN8hLvQ,27
595,a41k9oJN0FI,16
596,3la8bsi4P-c,7
597,RsCsBqIlnHw,46
598,tBN9kLaS-uw,39
599,gIE105f0ejg,11
600,rCo4gIZu0DY,32
601,bxgFjzRW6EA,28
602,30QPEkhcYeQ,-3
603,1u5jO57eD-U,15
604,bvim4rsNHkQ,19
605,krNNMFpA1wY,45
606,AAZbviHZVhE,31
607,w-n3qiLeVqg,-1
608,XSLc0d5aM04,-14
609,nnTcCS07DKQ,4
610,Xul7ku1XxRY,37
611,zKriLekFPwg,48
612,uV002CSNDac,25
613,CYoRmfI0LUc,12
614,4cfL9nTNugM,42
615,FgSSk7xLW9w,21
616,2zISrf-7V3U,55
617,uWFAD84I66I,39
618,FSOxXsYVJMQ,23
619,Uc32z-wgxU4,34
620,RLmqKBRqyA8,30
621,7YAAyUFL1GQ,40
622,fcubmjoGH7I,45
623,Auu9Sxxt5is,3
624,o97_jDomyqc,33
625,xsWO0dRf1p0,45
626,Q07Cp6tswnQ,28
627,uNseVux0CA4,31
628,7bdZn5MKugo,36
629,_5ZrSKpbdSg,38
630,LolP3Y7_Irs,41
631,bUUt0v4ziG4,-6
632,oqmSuPJfvJo,39
633,4Rg-YN7XFcM,11
634,CuXq1hOa8_Y,4
635,scIizw2asro,28
636,MdBu21i9aEE,45
637,EbthMC6spAE,28
638,9HIkG6vMk6E,52
639,4X6a3G_0HjY,-3
640,bvomHFZO0mk,29
641,cNgT8qEQJ3w,6
642,Wb-6fhfAn2I,16
643,F4ELqraXx-U,23
644,cOboLQMO4tQ,-12
645,TngCi2s5rmk,8
646,hMfIIxf8ADo,46
647,WpddITk3bK8,32
648,cxLQAuQsOWI,34
649,CcoBJ-dEjGg,7
650,UqmxHwLI9yg,34
651,0eKdNcP4xrM,28
652,fS5xHHqW-6E,51
653,Zya-JNMJ62k,28
654,gzh6tcMsyoQ,29
655,pOZ5FrTMQMA,48
656,oK4me2hI_Jo,57
657,SMinvx9EkPs,10
658,DdA7tUIzA5Q,53
659,t4QwhVt5Zk0,35
660,YrTKLZi6rqk,48
661,xHvVhhFvLtY,34
662,XpVt6Z1Gjjo,22
663,TPnuT2TLvLQ,15
664,WYYvHb03Eog,1
665,CzYM4ZpSDJg,17
666,z5eG8fD-hQw,-3
667,5eSSL8hRU_E,11
668,Q1eQw4ycgQM,7
669,WCYHrvLTaqg,34
670,KCiahBMis1E,5
671,hqHlIRZnF38,37
672,zAtHxJvSczA,13
673,B8G8m08G_yo,21
674,dWWQsXRwHb4,24
675,3TDk34hnSXc,23
676,9lzPw4EOqto,-3
677,TdH_NL35Nbw,22
678,sjlHnJvXdQs,21
679,O-eWLaO3gy4,50
680,cLdxuaxaQwc,9
681,QQVWMp_xgGg,12
682,Xqpf1FxU2q4,27
683,4MkC65emkG4,17
684,Zmi9iQp6944,65
685,iIYXR4axaJY,51
686,RsG37JcEQNw,24
687,zcqZHYo7ONs,39
688,I1P7GoZcZpU,13
689,FfRGxN2zeWU,49
690,-Ifnaxi2LQg,20
691,IYvEhgYy35I,34
692,dtqlSPt4z20,12
693,cMKX2tE5Luk,37
694,ZtXkNMbjOEE,34
695,eERPlIdPJtI,62
696,wfZGngrCpys,14
697,sgBGvgxuXvQ,39
698,n4wFyyW71zs,26
699,KEBDxhqhzF0,39
700,SjZWJoNYpHI,15
701,1L7JFN7tQLs,14
702,EwujR1ARsog,0
703,j3MvNvV27hw,64
704,R6ja9qNmOaM,26
705,CsdzflTXBVQ,17
706,H8t5M9_Tvzk,40
707,AQa9pEkQ_0Y,59
708,5fsEPf_Uuao,19
709,unIkqhB2nA0,-8
710,6z-X4r5JkyI,29
711,ZQK1F0wz6z4,26
712,K5-f1Bnltu8,15
713,zgLtEob6X-Q,13
714,_ANP3HR1jsM,22
715,A0lYm7Qsbak,20
716,Ayb_2qbZHm4,33
717,ZCQuasiJgYM,10
718,JhA1Wi9mrns,34
719,lv5uC6cfO5c,18
720,T_t-ByJoDgM,70
721,q9o_VjdugHw,1
722,4F2KWDQQMhY,62
723,UCrBICYM0yM,20
724,NWwBpOUkx9g,4
725,LcZ2AuvxXNA,27
726,w8fAellnPns,9
727,EuvVOA8uvsc,22
728,0fsKoK9yLE0,44
729,QBGaO89cBMI,20
730,T_PuZBdT2iM,20
731,HcNcOnIkQQU,57
732,JJc1Tqcu-8E,45
733,bAMinWdgUCg,57
734,3qVHkOOyD5s,24
735,4Yue-q9Jdbk,36
736,ql0Op1VcELw,34
737,NYD9ByC0c_I,30
738,_lGL4Um83LM,10
739,i2kJUYeb1Kw,20
740,JO7X9ZPoAp8,10
741,GdoNKbGQs9U,41
742,Iq13mG9l6o0,1
743,QH0fGSqow3c,4
744,mYphOR0Jegw,43
745,iptgKv3iApI,15
746,5jRYB3nGxmc,34
747,B7YaMkCl3XA,25
748,WWexI9YiLSc,17
749,EgUXkpAyqps,10
750,Vjc459T6wX8,30
751,uBGECC5U09Q,2
752,FMVw_Ty8qTY,63
753,2wxyDrfwlXQ,35
754,yFMZl_nYkbw,37
755,h_mpwaCJUrY,11
756,j9g7FpCSF5Y,33
757,JZDM1bLn7sM,65
758,tSwWCJHHTGc,30
759,giIP0XdT7SA,31
760,pyZVUC5jeVw,4
761,oDIDZ9EmQfA,24
762,O78Lpo4ctSE,42
763,1ZNZY-gd3K0,-7
764,l_uNfGY3v8E,-19
765,bAon04ZJhHE,14
766,zTjcPeb2Gwg,43
767,a7Sf_H2cFdM,40
768,z1g7n0QZvvE,3
769,hQbeB0YXLhs,74
770,C9LMDZTg17Y,50
771,6SaFJLHa-Vk,21
772,g6piCiaGMZs,11
773,xA70bP5uzao,52
774,EmjMWi0MBXQ,10
775,_SRNenu07Lw,1
776,F1DxLQbx_bU,57
777,_pc1kON-doU,35
778,I0Se3ce433Q,7
779,74zJ4scJzNs,-9
780,SHq2qrFUlGY,2
781,LBLGo2y_BBU,23
782,KFUIVfKTeVg,11
783,dYstFRuPz8A,1
784,d8U5funnyA8,9
785,MeGyZJiB-FQ,6
786,p_P9J97ELlg,57
787,446dbFQEFJU,18
788,gDFZS0BVsBY,11
789,GyxgtAwn34A,22
790,nivfxoep6Rs,27
791,RJuqdTXhDX4,20
792,bcouc6NW4aM,1
793,XIUGqfTkaWk,36
794,ZT1JsE_YbFs,29
795,XlXBLvT9Vj0,19
796,equByOb9j5E,9
797,krNNMFpA1wY,34
798,Q2Ku7ELCBag,23
799,t4or1t4iHK0,22
800,2y7rk7eHHAM,1
801,LP4qYyTPyl4,46
802,etmUU1bs41s,12
803,Zr22PtGd1So,20
804,368_ovPsJk8,25
805,0501BTnbrxg,40
806,lno7AN8hLvQ,40
807,3la8bsi4P-c,16
808,a41k9oJN0FI,16
809,6x62O8A8qHw,25
810,rFFo-0v_vi4,41
811,XvPWUkHjWG0,25
812,zJqk0iM96iE,13
813,30QPEkhcYeQ,5
814,2Hz4sDjXPQY,11
815,tBN9kLaS-uw,35
816,gIE105f0ejg,1
817,bxgFjzRW6EA,36
818,_5ZrSKpbdSg,20
819,np1RFbKh5a0,39
820,nnTcCS07DKQ,4
821,4cfL9nTNugM,50
822,rCo4gIZu0DY,32
823,AAZbviHZVhE,19
824,WpddITk3bK8,30
825,1u5jO57eD-U,22
826,XSLc0d5aM04,-2
827,CuXq1hOa8_Y,5
828,RLmqKBRqyA8,37
829,bvim4rsNHkQ,30
830,uWFAD84I66I,38
831,o97_jDomyqc,45
832,zKriLekFPwg,44
833,w-n3qiLeVqg,-5
834,wIml3h1rHVc,14
835,pOZ5FrTMQMA,55
836,Q07Cp6tswnQ,23
837,Xul7ku1XxRY,14
838,4Rg-YN7XFcM,12
839,Uc32z-wgxU4,25
840,gzh6tcMsyoQ,50
841,2zISrf-7V3U,41
842,uV002CSNDac,27
843,CYoRmfI0LUc,27
844,FSOxXsYVJMQ,26
845,7YAAyUFL1GQ,31
846,FgSSk7xLW9w,21
847,cNgT8qEQJ3w,9
848,fcubmjoGH7I,44
849,0qfgZJNCCJQ,30
850,xsWO0dRf1p0,39
851,uNseVux0CA4,40
852,7bdZn5MKugo,45
853,RsCsBqIlnHw,65
854,EbthMC6spAE,37
855,MdBu21i9aEE,34
856,H7ojygIbMYk,38
857,LolP3Y7_Irs,38
858,oqmSuPJfvJo,11
859,KCiahBMis1E,6
860,cxLQAuQsOWI,36
861,9HIkG6vMk6E,46
862,Auu9Sxxt5is,3
863,bvomHFZO0mk,26
864,SMinvx9EkPs,10
865,hMfIIxf8ADo,49
866,a6y01PSb6qU,39
867,Q1eQw4ycgQM,9
868,Wb-6fhfAn2I,31
869,F4ELqraXx-U,24
870,fS5xHHqW-6E,64
871,4X6a3G_0HjY,-4
872,TngCi2s5rmk,20
873,Y7tLoqNjkks,0
874,OWRufUWhSwM,13
875,0eKdNcP4xrM,38
876,DdA7tUIzA5Q,52
877,bAdqazixuRY,49
878,Zya-JNMJ62k,28
879,dWWQsXRwHb4,21
880,YrTKLZi6rqk,48
881,hqHlIRZnF38,32
882,t4QwhVt5Zk0,39
883,oK4me2hI_Jo,46
884,UqmxHwLI9yg,48
885,5eSSL8hRU_E,10
886,xHvVhhFvLtY,18
887,bUUt0v4ziG4,-7
888,XpVt6Z1Gjjo,20
889,CzYM4ZpSDJg,8
890,WYYvHb03Eog,18
891,9lzPw4EOqto,-11
892,RsG37JcEQNw,20
893,CcoBJ-dEjGg,7
894,O-eWLaO3gy4,48
895,TdH_NL35Nbw,22
896,B8G8m08G_yo,21
897,TPnuT2TLvLQ,14
898,Xqpf1FxU2q4,22
899,Cz3Coxi9D3E,36
900,3TDk34hnSXc,24
901,QQVWMp_xgGg,7
902,4MkC65emkG4,21
903,z5eG8fD-hQw,-5
904,cLdxuaxaQwc,7
905,sjlHnJvXdQs,21
906,yFMZl_nYkbw,35
907,IYvEhgYy35I,35
908,Zmi9iQp6944,65
909,V-_HM2bRa0E,60
910,I1P7GoZcZpU,13
911,iIYXR4axaJY,37
912,zcqZHYo7ONs,42
913,n4wFyyW71zs,37
914,ZtXkNMbjOEE,43
915,WCYHrvLTaqg,33
916,FfRGxN2zeWU,46
917,H8t5M9_Tvzk,38
918,eERPlIdPJtI,70
919,-Ifnaxi2LQg,18
920,cMKX2tE5Luk,20
921,KEBDxhqhzF0,40
922,zAtHxJvSczA,14
923,dtqlSPt4z20,13
924,j3MvNvV27hw,61
925,cPZ3u1z8kU0,21
926,1L7JFN7tQLs,21
927,AQa9pEkQ_0Y,56
928,K5-f1Bnltu8,15
929,5fsEPf_Uuao,24
930,bAMinWdgUCg,60
931,CsdzflTXBVQ,21
932,unIkqhB2nA0,6
933,sgBGvgxuXvQ,38
934,6z-X4r5JkyI,44
935,ZQK1F0wz6z4,25
936,pe3KSYqPIgo,10
937,T_t-ByJoDgM,66
938,SjZWJoNYpHI,15
939,Ayb_2qbZHm4,29
940,A0lYm7Qsbak,45
941,lv5uC6cfO5c,25
942,zgLtEob6X-Q,26
943,EuvVOA8uvsc,23
944,xPS7bqBePSs,56
945,JhA1Wi9mrns,33
946,EwujR1ARsog,0
947,wfZGngrCpys,15
948,0fsKoK9yLE0,53
949,ZCQuasiJgYM,-2
950,GdoNKbGQs9U,41
951,4F2KWDQQMhY,54
952,q9o_VjdugHw,1
953,QBGaO89cBMI,35
954,NWwBpOUkx9g,4
955,LcZ2AuvxXNA,12
956,GjJC5e4VpDY,4
957,w8fAellnPns,4
958,HcNcOnIkQQU,54
959,i2kJUYeb1Kw,37
960,5jRYB3nGxmc,34
961,UCrBICYM0yM,20
962,4Yue-q9Jdbk,36
963,3qVHkOOyD5s,23
964,uBGECC5U09Q,-20
965,T_PuZBdT2iM,5
966,JO7X9ZPoAp8,6
967,cviyIIvBlto,2
968,ql0Op1VcELw,37
969,O78Lpo4ctSE,42
970,l_uNfGY3v8E,-20
971,mYphOR0Jegw,39
972,Iq13mG9l6o0,1
973,FMVw_Ty8qTY,61
974,nRGz2md8l28,25
975,0afzkLHTUK8,17
976,YKgY0zQnqcU,9
977,R_jKUDmJs1Y,14
978,_pc1kON-doU,24
979,xyNX4eH17uA,-2
980,sD6RIeNP41I,10
981,9y62mZn0LXQ,12
982,dYstFRuPz8A,1
983,oKI4EAIcaLw,-7
984,I0Se3ce433Q,9
985,DZHAB3PGlfU,4
986,d8U5funnyA8,28
987,JvkLPE8efME,53
988,74zJ4scJzNs,0
989,SHq2qrFUlGY,23
990,nivfxoep6Rs,39
991,LBLGo2y_BBU,23
992,nJSrCX1U1hg,21
993,bcouc6NW4aM,11
994,ugWImY8VMzI,12
995,DyLE5nI6bXw,3
996,gDFZS0BVsBY,23
997,0H3MirHyX2w,10
998,MeGyZJiB-FQ,4
999,GyxgtAwn34A,38
1000,ZT1JsE_YbFs,25
1001,RJuqdTXhDX4,4
1002,2Hz4sDjXPQY,14
1003,krNNMFpA1wY,37
1004,equByOb9j5E,-9
1005,t4or1t4iHK0,22
1006,SF-psoWdSpo,39
1007,c1QGynzVbs4,3
1008,c8xGJju2x20,-3
1009,Q2Ku7ELCBag,36
1010,Zr22PtGd1So,5
1011,0501BTnbrxg,43
1012,p_P9J97ELlg,53
1013,2y7rk7eHHAM,9
1014,rFFo-0v_vi4,39
1015,etmUU1bs41s,15
1016,zJqk0iM96iE,24
1017,a41k9oJN0FI,9
1018,3la8bsi4P-c,29
1019,368_ovPsJk8,16
1020,XIUGqfTkaWk,39
1021,MXtDj0eGhtw,14
1022,o3_byIkXF7Q,17
1023,6x62O8A8qHw,29
1024,LP4qYyTPyl4,38
1025,XvPWUkHjWG0,39
1026,ioFUoNlWR1o,4
1027,WpddITk3bK8,26
1028,fTW7EgoKpSE,4
1029,gzh6tcMsyoQ,57
1030,wIml3h1rHVc,11
1031,30QPEkhcYeQ,11
1032,bxgFjzRW6EA,42
1033,5F_utV45MT0,0
1034,0qfgZJNCCJQ,35
1035,gIE105f0ejg,16
1036,AAZbviHZVhE,26
1037,pOZ5FrTMQMA,53
1038,4cfL9nTNugM,37
1039,tBN9kLaS-uw,40
1040,uWFAD84I66I,32
1041,RLmqKBRqyA8,32
1042,rCo4gIZu0DY,38
1043,zKriLekFPwg,45
1044,XSLc0d5aM04,2
1045,o97_jDomyqc,39
1046,w-n3qiLeVqg,-4
1047,1u5jO57eD-U,32
1048,bvim4rsNHkQ,40
1049,Xul7ku1XxRY,27
1050,Uc32z-wgxU4,31
1051,np1RFbKh5a0,42
1052,uV002CSNDac,21
1053,2zISrf-7V3U,54
1054,fcubmjoGH7I,45
1055,xsWO0dRf1p0,48
1056,CYoRmfI0LUc,34
1057,7YAAyUFL1GQ,28
1058,Q07Cp6tswnQ,40
1059,hg5yXLhl3CQ,2
1060,RsCsBqIlnHw,61
1061,FSOxXsYVJMQ,24
1062,hMfIIxf8ADo,48
1063,uNseVux0CA4,22
1064,FgSSk7xLW9w,22
1065,CuXq1hOa8_Y,5
1066,EbthMC6spAE,42
1067,7bdZn5MKugo,56
1068,nnTcCS07DKQ,0
1069,4Rg-YN7XFcM,12
1070,jjb77v3LX_s,6
1071,MdBu21i9aEE,32
1072,oqmSuPJfvJo,39
1073,fS5xHHqW-6E,68
1074,cxLQAuQsOWI,38
1075,Y7tLoqNjkks,0
1076,OWRufUWhSwM,16
1077,Wb-6fhfAn2I,36
1078,9HIkG6vMk6E,42
1079,cNgT8qEQJ3w,3
1080,bvomHFZO0mk,22
1081,Auu9Sxxt5is,8
1082,LolP3Y7_Irs,37
1083,F4ELqraXx-U,32
1084,H7ojygIbMYk,40
1085,p7sooI96zPI,
1086,DdA7tUIzA5Q,54
1087,TngCi2s5rmk,18
1088,YrTKLZi6rqk,48
1089,bUUt0v4ziG4,-7
1090,0eKdNcP4xrM,43
1091,a6y01PSb6qU,45
1092,4X6a3G_0HjY,-2
1093,cOboLQMO4tQ,-15
1094,bAdqazixuRY,51
1095,Q1eQw4ycgQM,11
1096,hqHlIRZnF38,37
1097,CzYM4ZpSDJg,12
1098,Zya-JNMJ62k,26
1099,SMinvx9EkPs,10
1100,KCiahBMis1E,4
1101,oK4me2hI_Jo,39
1102,t4QwhVt5Zk0,47
1103,3TDk34hnSXc,25
1104,xHvVhhFvLtY,18
1105,wOjjdttsHy4,7
1106,B8G8m08G_yo,21
1107,O-eWLaO3gy4,46
1108,TdH_NL35Nbw,24
1109,Xqpf1FxU2q4,25
1110,CcoBJ-dEjGg,10
1111,iwm5-I9Ay8M,18
1112,WYYvHb03Eog,16
1113,n4wFyyW71zs,45
1114,yFMZl_nYkbw,39
1115,RsG37JcEQNw,12
1116,XpVt6Z1Gjjo,13
1117,QQVWMp_xgGg,9
1118,z5eG8fD-hQw,-6
1119,UqmxHwLI9yg,39
1120,sjlHnJvXdQs,21
1121,iIYXR4axaJY,42
1122,cLdxuaxaQwc,-11
1123,zcqZHYo7ONs,28
1124,dtqlSPt4z20,14
1125,I1P7GoZcZpU,14
1126,TPnuT2TLvLQ,13
1127,BMCLQf75ev0,5
1128,eERPlIdPJtI,59
1129,IYvEhgYy35I,37
1130,j3MvNvV27hw,65
1131,5eSSL8hRU_E,10
1132,KEBDxhqhzF0,31
1133,Cz3Coxi9D3E,39
1134,ZtXkNMbjOEE,41
1135,jLa9wZHiqxg,
1136,WCYHrvLTaqg,31
1137,AQa9pEkQ_0Y,51
1138,5fsEPf_Uuao,21
1139,-Ifnaxi2LQg,29
1140,FfRGxN2zeWU,50
1141,zAtHxJvSczA,14
1142,unIkqhB2nA0,5
1143,cMKX2tE5Luk,22
1144,Zmi9iQp6944,65
1145,K5-f1Bnltu8,22
1146,cPZ3u1z8kU0,22
1147,1L7JFN7tQLs,14
1148,CsdzflTXBVQ,28
1149,xPS7bqBePSs,56
1150,SjZWJoNYpHI,15
1151,sgBGvgxuXvQ,35
1152,4F2KWDQQMhY,54
1153,lv5uC6cfO5c,22
1154,4MkC65emkG4,19
1155,0fsKoK9yLE0,53
1156,pe3KSYqPIgo,19
1157,6z-X4r5JkyI,29
1158,ZQK1F0wz6z4,29
1159,bAMinWdgUCg,65
1160,A0lYm7Qsbak,44
1161,Ayb_2qbZHm4,28
1162,JhA1Wi9mrns,36
1163,EuvVOA8uvsc,20
1164,ZCQuasiJgYM,2
1165,zgLtEob6X-Q,10
1166,HcNcOnIkQQU,59
1167,i2kJUYeb1Kw,35
1168,wfZGngrCpys,18
1169,V-_HM2bRa0E,56
1170,Tm8LGxTLtQk,33
1171,J_ub7Etch2U,28
1172,TV2HTSV3w40,21
1173,MBdVXkSdhwU,12
1174,SLoQoYi3P5U,11
1175,CDfhFfKSohc,10
1176,zTTaFg2Sq9Y,3
1177,FZrrfGfI3uM,29
1178,0afzkLHTUK8,13
1179,kcTdfHXdRXo,26
1180,0R7MQwmbiQc,26
1181,bvuQ0ZusV8Q,23
1182,PKv4LdN_JYs,6
1183,nRGz2md8l28,12
1184,gs9AV6BKh74,20
1185,YKgY0zQnqcU,14
1186,klSWPvDCYoI,33
1187,CMfo-s9izIc,9
1188,kxqeW4v350M,29
1189,DZHAB3PGlfU,21
1190,-DGXHMOhXAw,9
1191,HzIB6TC1Ghw,-7
1192,LTsSGSi9mqo,42
1193,9dobJDxPEzM,32
1194,xyNX4eH17uA,-2
1195,taKGnsqeCPs,39
1196,ZBo1S6YZXa0,53
1197,MMEgnbIVWXc,5
1198,qqNn14l7hhA,42
1199,57-gdzXqkRc,20
1200,83ZrTybo2t4,32
1201,R_jKUDmJs1Y,20
1202,ugWImY8VMzI,54
1203,bgc2rSzKA3w,-5
1204,8bSCIUAeLis,3
1205,rtk-BLeHv6M,13
1206,_pc1kON-doU,38
1207,sD6RIeNP41I,22
1208,XaE08gz0ogk,35
1209,9y62mZn0LXQ,13
1210,RkBEEiG-wd4,-5
1211,dYstFRuPz8A,4
1212,HjkmacUCJw8,9
1213,d8U5funnyA8,22
1214,bcouc6NW4aM,11
1215,oKI4EAIcaLw,15
1216,VSRz1ReNg3Y,14
1217,I0Se3ce433Q,14
1218,JvkLPE8efME,45
1219,2m65xSqUWaI,30
1220,nJSrCX1U1hg,18
1221,74zJ4scJzNs,5
1222,c8xGJju2x20,-2
1223,L9IDqn-qt98,-1
1224,ruRvc4huFkE,36
1225,0H3MirHyX2w,16
1226,nivfxoep6Rs,38
1227,SHq2qrFUlGY,13
1228,2Hz4sDjXPQY,17
1229,gDFZS0BVsBY,29
1230,T-IXvsQuogs,20
1231,LBLGo2y_BBU,32
1232,U1ArsQ72hRA,3
1233,MeGyZJiB-FQ,5
1234,3iYOBuyS97A,0
1235,Ah3V4S15Lyc,14
1236,c1QGynzVbs4,12
1237,GyxgtAwn34A,31
1238,ZT1JsE_YbFs,29
1239,-CEuQhqNzz4,11
1240,krNNMFpA1wY,36
1241,t4or1t4iHK0,23
1242,equByOb9j5E,-5
1243,zJqk0iM96iE,21
1244,RJuqdTXhDX4,20
1245,S-a8NVEUO4E,
1246,MXtDj0eGhtw,12
1247,2y7rk7eHHAM,7
1248,Q2Ku7ELCBag,37
1249,SF-psoWdSpo,34
1250,_5ZrSKpbdSg,27
1251,0501BTnbrxg,26
1252,Zr22PtGd1So,5
1253,p_P9J97ELlg,59
1254,lno7AN8hLvQ,26
1255,a41k9oJN0FI,10
1256,etmUU1bs41s,19
1257,368_ovPsJk8,25
1258,XIUGqfTkaWk,48
1259,6x62O8A8qHw,27
1260,rFFo-0v_vi4,37
1261,fTW7EgoKpSE,3
1262,XvPWUkHjWG0,41
1263,ioFUoNlWR1o,3
1264,uAI5rSiGyNY,28
1265,LP4qYyTPyl4,34
1266,WpddITk3bK8,24
1267,0qfgZJNCCJQ,44
1268,4cfL9nTNugM,40
1269,gIE105f0ejg,20
1270,bxgFjzRW6EA,40
1271,RLmqKBRqyA8,35
1272,tBN9kLaS-uw,38
1273,Oz88_p125uM,
1274,pOZ5FrTMQMA,57
1275,rCo4gIZu0DY,37
1276,o97_jDomyqc,43
1277,zKriLekFPwg,44
1278,XSLc0d5aM04,1
1279,wIml3h1rHVc,15
1280,bvim4rsNHkQ,58
1281,uWFAD84I66I,32
1282,AAZbviHZVhE,29
1283,w-n3qiLeVqg,-4
1284,1u5jO57eD-U,25
1285,gzh6tcMsyoQ,60
1286,Uc32z-wgxU4,40
1287,np1RFbKh5a0,43
1288,7YAAyUFL1GQ,23
1289,2zISrf-7V3U,47
1290,uV002CSNDac,24
1291,wOjjdttsHy4,5
1292,Q07Cp6tswnQ,40
1293,Xul7ku1XxRY,22
1294,fcubmjoGH7I,42
1295,hg5yXLhl3CQ,2
1296,xsWO0dRf1p0,49
1297,uNseVux0CA4,21
1298,CuXq1hOa8_Y,6
1299,hMfIIxf8ADo,49
1300,H7ojygIbMYk,42
1301,RsCsBqIlnHw,64
1302,EbthMC6spAE,42
1303,7bdZn5MKugo,59
1304,nnTcCS07DKQ,3
1305,jjb77v3LX_s,5
1306,4Rg-YN7XFcM,12
1307,KCiahBMis1E,5
1308,fBTBc2OA9fw,26
1309,MdBu21i9aEE,29
1310,oqmSuPJfvJo,34
1311,cxLQAuQsOWI,39
1312,Zya-JNMJ62k,27
1313,CYoRmfI0LUc,27
1314,OWRufUWhSwM,14
1315,Y7tLoqNjkks,0
1316,Auu9Sxxt5is,2
1317,cNgT8qEQJ3w,5
1318,a6y01PSb6qU,45
1319,9HIkG6vMk6E,42
1320,fS5xHHqW-6E,60
1321,Wb-6fhfAn2I,34
1322,p7sooI96zPI,
1323,jXj6c7bmxII,19
1324,bAdqazixuRY,65
1325,bUUt0v4ziG4,-7
1326,bvomHFZO0mk,22
1327,LolP3Y7_Irs,38
1328,YrTKLZi6rqk,48
1329,TngCi2s5rmk,7
1330,4X6a3G_0HjY,-2
1331,F4ELqraXx-U,36
1332,cOboLQMO4tQ,-14
1333,Q1eQw4ycgQM,11
1334,SMinvx9EkPs,12
1335,DdA7tUIzA5Q,51
1336,O-eWLaO3gy4,45
1337,hqHlIRZnF38,51
1338,oK4me2hI_Jo,38
1339,CzYM4ZpSDJg,11
1340,t4QwhVt5Zk0,50
1341,NTe6-26-fHg,43
1342,0eKdNcP4xrM,44
1343,xHvVhhFvLtY,19
1344,Xqpf1FxU2q4,18
1345,RsG37JcEQNw,17
1346,3TDk34hnSXc,23
1347,TPnuT2TLvLQ,13
1348,CcoBJ-dEjGg,10
1349,xPS7bqBePSs,57
1350,WYYvHb03Eog,18
1351,yFMZl_nYkbw,44
1352,n4wFyyW71zs,50
1353,XpVt6Z1Gjjo,3
1354,z5eG8fD-hQw,-10
1355,I1P7GoZcZpU,15
1356,sjlHnJvXdQs,24
1357,zcqZHYo7ONs,34
1358,cLdxuaxaQwc,4
1359,QQVWMp_xgGg,4
1360,iIYXR4axaJY,39
1361,iwm5-I9Ay8M,18
1362,BMCLQf75ev0,6
1363,5eSSL8hRU_E,10
1364,Cz3Coxi9D3E,40
1365,Eef-1HLKgoQ,20
1366,8ropWor8aAM,62
1367,dInwVhRtN4E,-5
1368,cOlibbx5sx0,32
1369,qtfMzdqifF0,25
1370,QC-cMv0e3Dc,17
1371,8ndhidEmUbI,14
1372,VGBZ2YfVx1Y,19
1373,N_zDcuX1Y54,37
1374,fUffrvUjwCY,54
1375,Tm8LGxTLtQk,27
1376,klSWPvDCYoI,29
1377,jKInAMNrXRA,35
1378,7Cn0-CwintU,31
1379,WJfeapsCnPI,-1
1380,veqMs7SQteY,19
1381,dX72axAvIGc,17
1382,paXOkGMyG8M,36
1383,F8i8pnZmk50,32
1384,1QWLyi03twg,14
1385,-zCYX0esYlo,7
1386,PbW14E2eHJ0,26
1387,eLdqkQWUVFI,1
1388,J_ub7Etch2U,31
1389,TV2HTSV3w40,22
1390,xmhRIEqbKIY,10
1391,zTTaFg2Sq9Y,16
1392,CDfhFfKSohc,5
1393,Rmg5fLRBkZo,41
1394,7Y-U9NN6-N4,13
1395,E5Hfl6Nqw3Q,-6
1396,OHL3J9cKNyg,11
1397,PKv4LdN_JYs,-5
1398,IxI1iOi0t-c,25
1399,kcTdfHXdRXo,28
1400,SLoQoYi3P5U,17
1401,Z-LmHjkN2EU,-4
1402,6Vb6Z9i5sHs,4
1403,gs9AV6BKh74,28
1404,ebzims_XwpM,30
1405,MBdVXkSdhwU,28
1406,GG2hY4h0mJM,31
1407,FZrrfGfI3uM,30
1408,9W0WPPpCFaM,17
1409,apskNjHtGh8,1
1410,ydbxmm88-As,57
1411,DoQEpaQE5-g,40
1412,4KAfi8-2tVg,3
1413,ZGlYvprDKNM,35
1414,0R7MQwmbiQc,31
1415,hwthovxn3zM,24
1416,LRuLYXsl_A4,3
1417,YKgY0zQnqcU,20
1418,bvuQ0ZusV8Q,27
1419,uqoFsqOJYCg,-26
1420,qqNn14l7hhA,47
1421,nRGz2md8l28,20
1422,vQ3XgMKAgxc,29
1423,-wQLKMUWANg,35
1424,Hx9Juyi_uAw,1
1425,j9giQP9SX-U,48
1426,DZHAB3PGlfU,22
1427,-DGXHMOhXAw,19
1428,9dobJDxPEzM,34
1429,AyiYuBCLTjc,10
1430,HzIB6TC1Ghw,3
1431,DHYRxML2SpA,13
1432,g_PtkN3aYFo,24
1433,xyNX4eH17uA,1
1434,mOrdWbqp85E,42
1435,Vgme9O6YZI8,-1
1436,ruRvc4huFkE,27
1437,B2B0GMtowmU,0
1438,wGwsgf5CdxU,26
1439,TImAMCQbwJo,1
1440,8bSCIUAeLis,5
1441,LTsSGSi9mqo,43
1442,GMFnJln3IEA,3
1443,_n0Ps1KWVU0,25
1444,S7rQSRGGKSQ,37
1445,83ZrTybo2t4,26
1446,ZBo1S6YZXa0,57
1447,DBBt7IhHOFQ,37
1448,LnxSTShwDdQ,-10
1449,HjkmacUCJw8,12
1450,mceaM2_zQd8,8
1451,fSkTpKa5gbo,19
1452,5CHJbMnLPKw,24
1453,ugWImY8VMzI,50
1454,rtk-BLeHv6M,15
1455,y5lIKZoN1_0,3
1456,2ZfHXn4rmAc,1
1457,R_jKUDmJs1Y,13
1458,FPRTN_r9IyM,12
1459,KHshdXDxR3c,28
1460,sD6RIeNP41I,19
1461,_pc1kON-doU,35
1462,bgc2rSzKA3w,-6
1463,nft99BbsKwU,4
1464,RkBEEiG-wd4,3
1465,9y62mZn0LXQ,17
1466,bcouc6NW4aM,9
1467,XSCneVakGGk,7
1468,dYstFRuPz8A,6
1469,-CEuQhqNzz4,15
1470,d8U5funnyA8,16
1471,2m65xSqUWaI,34
1472,L9IDqn-qt98,-2
1473,JvkLPE8efME,54
1474,I0Se3ce433Q,0
1475,nJSrCX1U1hg,10
1476,74zJ4scJzNs,4
1477,0H3MirHyX2w,18
1478,8F_eHiMYQjg,3
1479,nivfxoep6Rs,48
1480,SHq2qrFUlGY,12
1481,T-IXvsQuogs,17
1482,gDFZS0BVsBY,34
1483,LBLGo2y_BBU,15
1484,U1ArsQ72hRA,3
1485,2Hz4sDjXPQY,16
1486,3iYOBuyS97A,0
1487,MeGyZJiB-FQ,4
1488,c8xGJju2x20,-2
1489,c1QGynzVbs4,20
1490,Ah3V4S15Lyc,14
1491,GyxgtAwn34A,33
1492,ZT1JsE_YbFs,34
1493,t4or1t4iHK0,25
1494,SF-psoWdSpo,32
1495,RJuqdTXhDX4,9
1496,S-a8NVEUO4E,
1497,2y7rk7eHHAM,11
1498,MXtDj0eGhtw,6
1499,krNNMFpA1wY,34
1500,zJqk0iM96iE,29
1501,p_P9J97ELlg,51
1502,0501BTnbrxg,36
1503,fTW7EgoKpSE,3
1504,lno7AN8hLvQ,34
1505,a41k9oJN0FI,16
1506,XIUGqfTkaWk,52
1507,rFFo-0v_vi4,39
1508,WpddITk3bK8,24
1509,wOjjdttsHy4,6
1510,etmUU1bs41s,18
1511,LP4qYyTPyl4,42
1512,uAI5rSiGyNY,33
1513,XvPWUkHjWG0,31
1514,ioFUoNlWR1o,3
1515,368_ovPsJk8,29
1516,0qfgZJNCCJQ,38
1517,_5ZrSKpbdSg,18
1518,wIml3h1rHVc,15
1519,bxgFjzRW6EA,45
1520,gIE105f0ejg,15
1521,4cfL9nTNugM,43
1522,pOZ5FrTMQMA,56
1523,RLmqKBRqyA8,33
1524,o97_jDomyqc,39
1525,uWFAD84I66I,38
1526,XSLc0d5aM04,3
1527,zKriLekFPwg,46
1528,rCo4gIZu0DY,35
1529,Oz88_p125uM,
1530,bvim4rsNHkQ,47
1531,tBN9kLaS-uw,31
1532,AAZbviHZVhE,32
1533,gzh6tcMsyoQ,61
1534,Uc32z-wgxU4,32
1535,7YAAyUFL1GQ,22
1536,Q07Cp6tswnQ,41
1537,Xul7ku1XxRY,29
1538,2zISrf-7V3U,31
1539,hg5yXLhl3CQ,2
1540,w-n3qiLeVqg,-6
1541,oqmSuPJfvJo,19
1542,uNseVux0CA4,21
1543,fcubmjoGH7I,36
1544,xsWO0dRf1p0,55
1545,CuXq1hOa8_Y,6
1546,H7ojygIbMYk,42
1547,EbthMC6spAE,41
1548,jjb77v3LX_s,3
1549,nnTcCS07DKQ,0
1550,7bdZn5MKugo,60
1551,4Rg-YN7XFcM,12
1552,RsCsBqIlnHw,64
1553,KCiahBMis1E,5
1554,CYoRmfI0LUc,19
1555,4X6a3G_0HjY,-4
1556,Y7tLoqNjkks,0
1557,MdBu21i9aEE,34
1558,Auu9Sxxt5is,2
1559,9HIkG6vMk6E,33
1560,OZAfse9Pb4c,3
1561,7KS2oJPzeZk,36
1562,8ndhidEmUbI,8
1563,A8QQBRIqZmw,16
1564,wB5Hek7Z2b8,32
1565,XF_ARz7jTUw,31
1566,LoMhBo8ATBM,-13
1567,lIY6zFL95hE,26
1568,qR1EM-RIZNk,21
1569,Eat7nKj_30o,3
1570,yIq-N7m0upU,26
1571,pV_5gjQ7lhk,16
1572,iX6ScurPhCo,15
1573,TmVu7Sn7hZw,-11
1574,dInwVhRtN4E,-4
1575,5Xe0Qd6bUFo,27
1576,vpcDYc_4gV4,3
1577,WRzqSDyOSbY,36
1578,J_OyB0k-IVg,-7
1579,Lf3ER5Ope_s,19
1580,UO0hIASuAqY,13
1581,cWfTBkTJOH8,35
1582,1QWLyi03twg,17
1583,dvPJJUbM8IY,31
1584,qtfMzdqifF0,20
1585,WJfeapsCnPI,-4
1586,0Rb2rr1vWpI,13
1587,Lv3Uy2rjgCE,50
1588,0ptNpGfMRCg,11
1589,Eef-1HLKgoQ,27
1590,QC-cMv0e3Dc,32
1591,1kVLpFilePw,30
1592,CGN6QXv7sfs,12
1593,N_zDcuX1Y54,42
1594,fUffrvUjwCY,54
1595,VGBZ2YfVx1Y,35
1596,_MEFyG-IE_I,24
1597,lse3oJfPPk4,31
1598,ZW4jOlyj-sM,24
1599,jKInAMNrXRA,29
1600,X7WFMUq5ECE,1
1601,GVvqt-8-fz0,59
1602,paXOkGMyG8M,54
1603,7Cn0-CwintU,31
1604,Tm8LGxTLtQk,28
1605,mlxdnyfkWKQ,11
1606,BwYPddy_5bk,40
1607,JtZo62mPEKM,32
1608,mlxdnyfkWKQ,11
1609,tVtsp_mASno,19
1610,7Cn0-CwintU,33
1611,ZVPTxFZTQis,28
1612,Tm8LGxTLtQk,28
1613,JtZo62mPEKM,32
1614,r1f8hd4yh0c,13
1615,BwYPddy_5bk,39
1616,tlACd8CquRk,49
1617,-zCYX0esYlo,28
1618,E5Hfl6Nqw3Q,3
1619,m59HKBUi3cY,46
1620,eLdqkQWUVFI,6
1621,PKv4LdN_JYs,-7
1622,J_ub7Etch2U,36
1623,TV2HTSV3w40,31
1624,6Vb6Z9i5sHs,-12
1625,GG2hY4h0mJM,33
1626,zTTaFg2Sq9Y,9
1627,PbW14E2eHJ0,35
1628,xmhRIEqbKIY,10
1629,gs9AV6BKh74,25
1630,Z-LmHjkN2EU,-13
1631,cvaVRlWltD4,21
1632,Sg3DfyDkln0,3
1633,lokFoo_QD8c,36
1634,hwthovxn3zM,33
1635,56kiI-JKSdY,27
1636,Rmg5fLRBkZo,45
1637,mWFaxs-KvMY,37
1638,SLoQoYi3P5U,5
1639,4KAfi8-2tVg,4
1640,CDfhFfKSohc,4
1641,iL_-GwbEP4g,47
1642,7Y-U9NN6-N4,3
1643,efJ1xZJDZlI,-3
1644,RIGgn1s3AvI,45
1645,qqNn14l7hhA,53
1646,kcTdfHXdRXo,28
1647,mOrdWbqp85E,37
1648,L6QAx5mqFKU,34
1649,rZ2vh8rZd18,30
1650,hNsUtZmWgdg,-1
1651,ebzims_XwpM,37
1652,MBdVXkSdhwU,18
1653,-wQLKMUWANg,29
1654,ZGlYvprDKNM,42
1655,a9ITIaKzG3A,17
1656,g_PtkN3aYFo,22
1657,FZrrfGfI3uM,32
1658,DoQEpaQE5-g,41
1659,qi2uOOAKJjY,61
1660,t3oar3hIDWA,37
1661,BfxOimRxXvU,
1662,ydbxmm88-As,57
1663,k1gVVnv_om4,8
1664,0R7MQwmbiQc,13
1665,uqoFsqOJYCg,-11
1666,bvuQ0ZusV8Q,19
1667,vQ3XgMKAgxc,9
1668,9dobJDxPEzM,45
1669,mPvNt7PB6dE,0
1670,L6wODNHi4qE,2
1671,xyNX4eH17uA,0
1672,ceLV1v3mV4E,39
1673,cHbkEESIl7g,36
1674,nRGz2md8l28,17
1675,-DGXHMOhXAw,22
1676,DHYRxML2SpA,10
1677,LRuLYXsl_A4,0
1678,vd7LCYVH1vc,-1
1679,JgYfZAjOgEM,47
1680,rn5Xgak1zzA,3
1681,wBjAmThxDpA,
1682,yTVysPsX5ns,7
1683,Hx9Juyi_uAw,1
1684,Vgme9O6YZI8,0
1685,AyiYuBCLTjc,14
1686,p1WJ01Ij9AQ,27
1687,k8LF_FU2luY,
1688,B2B0GMtowmU,1
1689,j9giQP9SX-U,48
1690,ruRvc4huFkE,20
1691,apskNjHtGh8,1
1692,HzIB6TC1Ghw,4
1693,mceaM2_zQd8,8
1694,y5lIKZoN1_0,6
1695,DZHAB3PGlfU,21
1696,fSkTpKa5gbo,24
1697,TImAMCQbwJo,3
1698,LTsSGSi9mqo,28
1699,GMFnJln3IEA,4
1700,wGwsgf5CdxU,24
1701,DBBt7IhHOFQ,31
1702,LnxSTShwDdQ,5
1703,ZBo1S6YZXa0,57
1704,rtk-BLeHv6M,15
1705,83ZrTybo2t4,29
1706,ZaZ_GkB_d34,10
1707,S7rQSRGGKSQ,40
1708,8bSCIUAeLis,4
1709,5CHJbMnLPKw,23
1710,nft99BbsKwU,4
1711,_pc1kON-doU,56
1712,unByRjDRA34,63
1713,RkBEEiG-wd4,0
1714,ugWImY8VMzI,51
1715,KHshdXDxR3c,28
1716,R_jKUDmJs1Y,12
1717,FPRTN_r9IyM,13
1718,d8U5funnyA8,15
1719,HjkmacUCJw8,11
1720,WYoWaouvXXA,39
1721,9y62mZn0LXQ,14
1722,rGi2b25Bx0I,-10
1723,oD7nZouNyDA,62
1724,dYstFRuPz8A,2
1725,XSCneVakGGk,8
1726,JvkLPE8efME,49
1727,40M4DF8aIYs,57
1728,L9IDqn-qt98,0
1729,T-IXvsQuogs,19
1730,bcouc6NW4aM,10
1731,nivfxoep6Rs,36
1732,tbDr_zAcM5g,
1733,3iYOBuyS97A,0
1734,I0Se3ce433Q,14
1735,-CEuQhqNzz4,15
1736,SHq2qrFUlGY,16
1737,LBLGo2y_BBU,17
1738,MeGyZJiB-FQ,11
1739,74zJ4scJzNs,4
1740,_zl2GV89_GM,1
1741,gDFZS0BVsBY,34
1742,U1ArsQ72hRA,3
1743,8F_eHiMYQjg,2
1744,3sdwibrYkUU,1
1745,2Hz4sDjXPQY,17
1746,c8xGJju2x20,-2
1747,t4or1t4iHK0,28
1748,MXtDj0eGhtw,5
1749,ZT1JsE_YbFs,33
1750,KFUIVfKTeVg,1
1751,SF-psoWdSpo,38
1752,GyxgtAwn34A,36
1753,wB5Hek7Z2b8,17
1754,7KS2oJPzeZk,29
1755,OZAfse9Pb4c,8
1756,5Xe0Qd6bUFo,25
1757,f8Ej3RVz-Bk,6
1758,A8QQBRIqZmw,1
1759,8ndhidEmUbI,15
1760,XF_ARz7jTUw,23
1761,LoMhBo8ATBM,-22
1762,lIY6zFL95hE,17
1763,qR1EM-RIZNk,9
1764,ZgCTlbQvcT8,22
1765,Eat7nKj_30o,6
1766,UuOAs0IiEI0,30
1767,yIq-N7m0upU,22
1768,dUOUo02v4XE,37
1769,wQD1JvJZXdI,30
1770,iX6ScurPhCo,-4
1771,pV_5gjQ7lhk,28
1772,_Eb9kppyRxc,43
1773,0ptNpGfMRCg,17
1774,Pxojz6grwcU,-22
1775,dInwVhRtN4E,-3
1776,1QWLyi03twg,10
1777,vpcDYc_4gV4,3
1778,TmVu7Sn7hZw,-12
1779,Lf3ER5Ope_s,21
1780,dpMFGr-wznc,23
1781,cWfTBkTJOH8,40
1782,aLWLzUa2Qyk,11
1783,dvPJJUbM8IY,43
1784,qtfMzdqifF0,12
1785,ftrFGwlYO7w,37
1786,Lv3Uy2rjgCE,40
1787,UO0hIASuAqY,15
1788,kIssu4XLg00,22
1789,J_OyB0k-IVg,-6
1790,nL9bZbv2aXY,56
1791,Eef-1HLKgoQ,25
1792,QC-cMv0e3Dc,24
1793,CGN6QXv7sfs,13
1794,0Rb2rr1vWpI,21
1795,JNzCrIcAnck,9
1796,N_zDcuX1Y54,50
1797,ZVPTxFZTQis,25
1798,fUffrvUjwCY,56
1799,lse3oJfPPk4,33
1800,_MEFyG-IE_I,29
1801,WJfeapsCnPI,-1
1802,VGBZ2YfVx1Y,21
1803,ZW4jOlyj-sM,33
1804,4dp31MWMjeM,3
1805,mlxdnyfkWKQ,14
1806,X7WFMUq5ECE,-2
1807,jKInAMNrXRA,30
1808,paXOkGMyG8M,52
1809,GVvqt-8-fz0,47
1810,7Cn0-CwintU,28
1811,WRzqSDyOSbY,29
1812,AEaKrq3SpW8,25
1813,Tm8LGxTLtQk,35
1814,JtZo62mPEKM,17
1815,r1f8hd4yh0c,27
1816,BwYPddy_5bk,38
1817,-zCYX0esYlo,32
1818,dX72axAvIGc,18
1819,F8i8pnZmk50,41
1820,tVtsp_mASno,25
1821,m59HKBUi3cY,40
1822,E5Hfl6Nqw3Q,-11
1823,HpxsQ1_UAec,-3
1824,J_ub7Etch2U,37
1825,eLdqkQWUVFI,5
1826,TV2HTSV3w40,33
1827,BfxOimRxXvU,
1828,zTTaFg2Sq9Y,9
1829,6Vb6Z9i5sHs,-12
1830,PbW14E2eHJ0,30
1831,xmhRIEqbKIY,15
1832,o1vV0oorclg,4
1833,tlACd8CquRk,54
1834,cvaVRlWltD4,7
1835,mWFaxs-KvMY,39
1836,Sg3DfyDkln0,3
1837,sa3G0vBlucg,49
1838,iL_-GwbEP4g,39
1839,lokFoo_QD8c,37
1840,56kiI-JKSdY,22
1841,PKv4LdN_JYs,-5
1842,RIGgn1s3AvI,47
1843,CDfhFfKSohc,10
1844,7Y-U9NN6-N4,9
1845,4KAfi8-2tVg,4
1846,hNsUtZmWgdg,4
1847,Rmg5fLRBkZo,36
1848,efJ1xZJDZlI,-5
1849,kcTdfHXdRXo,27
1850,MMEgnbIVWXc,27
1851,Z-LmHjkN2EU,-16
1852,SLoQoYi3P5U,3
1853,mOrdWbqp85E,41
1854,L6QAx5mqFKU,29
1855,rZ2vh8rZd18,43
1856,ebzims_XwpM,35
1857,MBdVXkSdhwU,21
1858,ZGlYvprDKNM,36
1859,gs9AV6BKh74,24
1860,FZrrfGfI3uM,20
1861,a9ITIaKzG3A,27
1862,qqNn14l7hhA,48
1863,qi2uOOAKJjY,61
1864,hwthovxn3zM,31
1865,k1gVVnv_om4,9
1866,DoQEpaQE5-g,39
1867,0R7MQwmbiQc,21
1868,ceLV1v3mV4E,43
1869,uqoFsqOJYCg,-6
1870,vQ3XgMKAgxc,27
1871,bvuQ0ZusV8Q,19
1872,mPvNt7PB6dE,0
1873,L6wODNHi4qE,1
1874,nRGz2md8l28,23
1875,cHbkEESIl7g,37
1876,DHYRxML2SpA,9
1877,-DGXHMOhXAw,23
1878,-wQLKMUWANg,21
1879,5z3vPi7YhSA,-1
1880,LRuLYXsl_A4,0
1881,ydbxmm88-As,59
1882,JgYfZAjOgEM,55
1883,rn5Xgak1zzA,0
1884,vd7LCYVH1vc,-1
1885,9dobJDxPEzM,37
1886,wBjAmThxDpA,
1887,AyiYuBCLTjc,16
1888,Hx9Juyi_uAw,1
1889,Vgme9O6YZI8,0
1890,p1WJ01Ij9AQ,25
1891,k8LF_FU2luY,
1892,y5lIKZoN1_0,5
1893,B2B0GMtowmU,1
1894,ruRvc4huFkE,26
1895,xyNX4eH17uA,2
1896,j9giQP9SX-U,48
1897,apskNjHtGh8,1
1898,HzIB6TC1Ghw,4
1899,fSkTpKa5gbo,34
1900,LTsSGSi9mqo,24
1901,DZHAB3PGlfU,21
1902,TImAMCQbwJo,3
1903,rtk-BLeHv6M,13
1904,DBBt7IhHOFQ,26
1905,GMFnJln3IEA,2
1906,wGwsgf5CdxU,25
1907,ZBo1S6YZXa0,51
1908,mceaM2_zQd8,11
1909,83ZrTybo2t4,37
1910,ZaZ_GkB_d34,10
1911,LnxSTShwDdQ,18
1912,S7rQSRGGKSQ,41
1913,8bSCIUAeLis,4
1914,5CHJbMnLPKw,24
1915,nft99BbsKwU,4
1916,RkBEEiG-wd4,3
1917,KHshdXDxR3c,24
1918,ugWImY8VMzI,52
1919,R_jKUDmJs1Y,13
1920,_pc1kON-doU,41
1921,FPRTN_r9IyM,13
1922,unByRjDRA34,58
1923,WYoWaouvXXA,45
1924,HjkmacUCJw8,13
1925,9y62mZn0LXQ,3
1926,rGi2b25Bx0I,-9
1927,oD7nZouNyDA,63
1928,dYstFRuPz8A,7
1929,XSCneVakGGk,13
1930,JvkLPE8efME,49
1931,nivfxoep6Rs,36
1932,d8U5funnyA8,16
1933,L9IDqn-qt98,0
1934,40M4DF8aIYs,58
1935,bcouc6NW4aM,9
1936,tbDr_zAcM5g,
1937,3iYOBuyS97A,0
1938,I0Se3ce433Q,7
1939,-CEuQhqNzz4,16
1940,LBLGo2y_BBU,24
1941,SHq2qrFUlGY,15
1942,74zJ4scJzNs,-1
1943,gDFZS0BVsBY,33
1944,_zl2GV89_GM,1
1945,TNhyrPaGFYQ,7
1946,NJ2asQtT014,-9
1947,KUH0KQ1qMiw,12
1948,mUDQvKtkMwE,41
1949,1NyMSWqIJDQ,5
1950,E7HqW6S-g7c,28
1951,p25S_5P6ejg,58
1952,4YX_1wql-Xw,8
1953,Lwn97mpBCu8,38
1954,iKzRIweSBLA,47
1955,evvVtqmvE5w,28
1956,eUhGww8WyIo,26
1957,dt__kig8PVU,41
1958,ofz2cHLkiRI,20
1959,8rlfu6UX5D0,24
1960,Wv3RpLvPasE,31
1961,a6V-fKcW5YI,-11
1962,3fILUAGw2mE,22
1963,8hAdOYDoo4c,42
1964,o5xxIciBSME,18
1965,HsiWOp-ImoE,38
1966,FpZ1sIjQrf4,41
1967,kjNU-dbG3ek,16
1968,tku0H7YeMeA,66
1969,G_SjnHwxWMU,17
1970,H0okA2gPt_Q,27
1971,q8b5mciIDnA,9
1972,uwukx6DGmW8,29
1973,EHC6sYfF4cg,31
1974,SNCeopgkSAU,10
1975,DvbYf4eyGFI,28
1976,3E_fT0aTsjI,25
1977,5Xe0Qd6bUFo,21
1978,tlTKTTt47WE,8
1979,-jFgNreZPf0,22
1980,htAqXYmFKgo,23
1981,4gKhm09PKPQ,24
1982,OCCKNCvNbkc,30
1983,6gwM9v_OwUc,26
1984,7KS2oJPzeZk,35
1985,OMGO51u4ou4,35
1986,05v4nfUmBYI,45
1987,MDe4hPh7dDU,37
1988,z68frP9Q7XA,27
1989,oSRXEHsORZo,24
1990,12vfxYs6F7E,34
1991,BY3SLVNBkeo,25
1992,uA4STm4hx7Q,41
1993,lLAmL6Tz59Y,4
1994,4k56sdESwHQ,22
1995,F5Ma-1A-NS0,-8
1996,65fZOBR0pmM,34
1997,OZAfse9Pb4c,8
1998,3d9i_0Ty7Cg,24
1999,q6yzrZfgQvI,40
2000,Koxzz7LDmEE,24
2001,ccLXx4DB8ZQ,16
2002,_o8vb1BA_c0,25
2003,0pwttmAYCTw,35
2004,735_W3zsIw4,14
2005,9VjKMTwFXMw,7
2006,5DDB6YnVCoA,44
2007,IHi5jq2P_Zk,53
2008,JvUGfF0iYtU,3
2009,QQP6c_xLetk,13
2010,yj7OZ602CM8,28
2011,QAT8fXZI0b0,51
2012,ljXSjIph5ZM,37
2013,A8QQBRIqZmw,31
2014,yZMt87ZdUbw,30
2015,hbfxFdl8B8M,34
2016,Eat7nKj_30o,4
2017,hBaiNeNZGJU,57
2018,PJsJ96yyVk8,39
2019,Z4QcwsEbKyo,11
2020,_iBpGz54ngs,50
2021,8ndhidEmUbI,6
2022,dpMFGr-wznc,27
2023,RlduVwzqK2o,53
2024,bU7u_MhVvvo,7
2025,vo391vKvD4s,65
2026,1kHmFjHzR-s,75
2027,FNh2ZsQkNus,30
2028,HpHp1Xp5oDo,42
2029,wQD1JvJZXdI,23
2030,qR1EM-RIZNk,23
2031,k1eYiq_V5cM,42
2032,XF_ARz7jTUw,36
2033,aLWLzUa2Qyk,17
2034,6O7x7-srbHI,40
2035,W7DErx-Yg9g,66
2036,yIq-N7m0upU,24
2037,pV_5gjQ7lhk,5
2038,Ybbii2XIavU,55
2039,TzyraAp3jaY,15
2040,fWfKfX9hXqc,20
2041,MNst7laHZGg,11
2042,kIssu4XLg00,26
2043,FBdyMBRcxeo,11
2044,9mAcJRFfAL0,24
2045,Lv3Uy2rjgCE,43
2046,lUFpahcEOX8,16
2047,o4os5TXo6Vk,57
2048,YaTxVflKDQw,10
2049,o9n3bR8VMW8,22
2050,4dp31MWMjeM,0
2051,Pxojz6grwcU,-15
2052,ZVPTxFZTQis,20
2053,dRVWX8L-kHg,6
2054,CGN6QXv7sfs,12
2055,UuOAs0IiEI0,36
2056,0ptNpGfMRCg,24
2057,ErWde9LVg0A,43
2058,AOQZNHueNQQ,28
2059,nL9bZbv2aXY,57
2060,JPTB93NS_8M,45
2061,_Eb9kppyRxc,42
2062,6HXaooyXjds,51
2063,nQDcDZ6rmGE,30
2064,x9VBzdkHMBU,32
2065,ip6YrQt-dp8,-2
2066,fbokWw3b94k,29
2067,1QWLyi03twg,10
2068,ftrFGwlYO7w,42
2069,dInwVhRtN4E,5
2070,_MEFyG-IE_I,34
2071,mlxdnyfkWKQ,14
2072,JNzCrIcAnck,36
2073,CEcrgOuBiUM,32
2074,wiBhzhQu_2c,67
2075,hNsUtZmWgdg,7
2076,TmVu7Sn7hZw,-6
2077,m59HKBUi3cY,31
2078,lse3oJfPPk4,26
2079,qtfMzdqifF0,21
2080,ciXIdvfejn4,24
2081,RIGgn1s3AvI,23
2082,J_OyB0k-IVg,-2
2083,UO0hIASuAqY,12
2084,QC-cMv0e3Dc,20
2085,N_zDcuX1Y54,42
2086,o1vV0oorclg,6
2087,ZW4jOlyj-sM,35
2088,paXOkGMyG8M,38
2089,WJfeapsCnPI,-2
2090,wmiy00-NqDk,35
2091,WRzqSDyOSbY,40
2092,AEaKrq3SpW8,21
2093,VGBZ2YfVx1Y,24
2094,sa3G0vBlucg,52
2095,ddJ7HLIfJdk,37
2096,qLzIaAYFhNs,3
2097,X7WFMUq5ECE,9
2098,pQiV81L3zL0,1
2099,Bn7ZtoFTm2Y,58
2100,JtZo62mPEKM,24
2101,aiXo6WyhCJs,31
2102,Tm8LGxTLtQk,12
2103,HpxsQ1_UAec,-3
2104,tVtsp_mASno,19
2105,h4JP6su_mio,24
2106,tSRg5cFIxI0,75
2107,56kiI-JKSdY,35
2108,6ErzVDwcla0,8
2109,F8i8pnZmk50,34
2110,dX72axAvIGc,13
2111,E5Hfl6Nqw3Q,-8
2112,efJ1xZJDZlI,-7
2113,PbW14E2eHJ0,31
2114,PKv4LdN_JYs,-7
2115,mPvNt7PB6dE,0
2116,6Vb6Z9i5sHs,-12
2117,J_ub7Etch2U,35
2118,TV2HTSV3w40,32
2119,b-znn2eQL08,47
2120,qi2uOOAKJjY,59
2121,mWFaxs-KvMY,47
2122,jII6DYV_yPQ,0
2123,zTTaFg2Sq9Y,11
2124,tlACd8CquRk,50
2125,GVvqt-8-fz0,53
2126,Sg3DfyDkln0,4
2127,iL_-GwbEP4g,41
2128,UejIDD3lhEA,2
2129,CDfhFfKSohc,8
2130,7Y-U9NN6-N4,13
2131,Rmg5fLRBkZo,32
2132,k1gVVnv_om4,9
2133,mOrdWbqp85E,39
2134,Z-LmHjkN2EU,-17
2135,kcTdfHXdRXo,26
2136,I_JtJHJ4384,-1
2137,SLoQoYi3P5U,7
2138,rZ2vh8rZd18,39
2139,7Z14Rc1vR7U,-2
2140,gGILiLTenR8,4
2141,NJ2asQtT014,-12
2142,ao21eJgsF1w,10
2143,TNhyrPaGFYQ,-1
2144,8ZRCdfaAIy0,38
2145,2WIzsHMcSp4,20
2146,ekaeJN9Sgu0,18
2147,7V1J_MDi9Lg,40
2148,eKjiJYkvKwQ,35
2149,mUDQvKtkMwE,33
2150,1NyMSWqIJDQ,3
2151,KUH0KQ1qMiw,12
2152,E7HqW6S-g7c,18
2153,iKzRIweSBLA,45
2154,Lwn97mpBCu8,26
2155,KUCHBBCj77I,41
2156,4YX_1wql-Xw,7
2157,evvVtqmvE5w,17
2158,ofz2cHLkiRI,28
2159,-uYWFqTPHd0,44
2160,5mgGrx8uaRQ,-3
2161,3E_fT0aTsjI,13
2162,LyEY0sNQIGQ,43
2163,a6V-fKcW5YI,-25
2164,8rlfu6UX5D0,16
2165,dt__kig8PVU,31
2166,SNCeopgkSAU,10
2167,8hAdOYDoo4c,31
2168,o5xxIciBSME,16
2169,R-4a_mQQTpc,24
2170,G_SjnHwxWMU,15
2171,nW-aml4r7Gc,48
2172,1yYV9-KoSUM,45
2173,p25S_5P6ejg,70
2174,-jFgNreZPf0,19
2175,H0okA2gPt_Q,19
2176,3fILUAGw2mE,24
2177,JU21shbaVBo,22
2178,NPptT6BsnWQ,21
2179,q8b5mciIDnA,6
2180,uwukx6DGmW8,33
2181,xtpM8cBES3k,41
2182,EHC6sYfF4cg,24
2183,FpZ1sIjQrf4,37
2184,kjNU-dbG3ek,22
2185,htAqXYmFKgo,25
2186,oSRXEHsORZo,23
2187,_6Qbslgpw8U,18
2188,4k56sdESwHQ,21
2189,8WyDjXSLg88,42
2190,IvFw9zhIYkQ,42
2191,tlTKTTt47WE,18
2192,kz7-ZKcyBBE,32
2193,4gKhm09PKPQ,22
2194,5Xe0Qd6bUFo,27
2195,HsiWOp-ImoE,40
2196,vS_NlXmPB3I,57
2197,q6yzrZfgQvI,47
2198,05v4nfUmBYI,38
2199,Q3Rq-irFn1w,37
2200,k8T9SMqAqyc,66
2201,_qb4_uvYSG0,-1
2202,6gwM9v_OwUc,35
2203,OMGO51u4ou4,25
2204,lLAmL6Tz59Y,5
2205,65fZOBR0pmM,21
2206,OCCKNCvNbkc,21
2207,0pwttmAYCTw,37
2208,BY3SLVNBkeo,34
2209,7KS2oJPzeZk,29
2210,UdHopftQD3A,49
2211,MDe4hPh7dDU,39
2212,12vfxYs6F7E,22
2213,z68frP9Q7XA,22
2214,tku0H7YeMeA,60
2215,F5Ma-1A-NS0,-13
2216,9VjKMTwFXMw,9
2217,3d9i_0Ty7Cg,21
2218,uA4STm4hx7Q,32
2219,ccLXx4DB8ZQ,8
2220,OZAfse9Pb4c,13
2221,FNh2ZsQkNus,40
2222,QAT8fXZI0b0,53
2223,yZMt87ZdUbw,20
2224,Koxzz7LDmEE,23
2225,_o8vb1BA_c0,26
2226,735_W3zsIw4,16
2227,DKY09vZWj88,19
2228,JvUGfF0iYtU,3
2229,QQP6c_xLetk,20
2230,VQTyRVBkeIw,0
2231,_iBpGz54ngs,54
2232,yj7OZ602CM8,29
2233,kEUfrSxTQ1s,-8
2234,ljXSjIph5ZM,42
2235,IHi5jq2P_Zk,53
2236,hbfxFdl8B8M,29
2237,W7DErx-Yg9g,64
2238,PJsJ96yyVk8,41
2239,Z4QcwsEbKyo,11
2240,A8QQBRIqZmw,31
2241,HpHp1Xp5oDo,54
2242,TzyraAp3jaY,20
2243,RlduVwzqK2o,62
2244,1kHmFjHzR-s,72
2245,8ndhidEmUbI,13
2246,k1eYiq_V5cM,47
2247,fbokWw3b94k,28
2248,6O7x7-srbHI,32
2249,Ybbii2XIavU,54
2250,9mAcJRFfAL0,31
2251,wQD1JvJZXdI,27
2252,dRVWX8L-kHg,6
2253,yIq-N7m0upU,27
2254,qR1EM-RIZNk,16
2255,XF_ARz7jTUw,37
2256,5DDB6YnVCoA,45
2257,pV_5gjQ7lhk,4
2258,vo391vKvD4s,62
2259,j4OWNMSOwbA,2
2260,fWfKfX9hXqc,19
2261,JPTB93NS_8M,46
2262,aLWLzUa2Qyk,24
2263,FBdyMBRcxeo,13
2264,AOQZNHueNQQ,30
2265,Eat7nKj_30o,5
2266,dpMFGr-wznc,28
2267,o9n3bR8VMW8,17
2268,kIssu4XLg00,27
2269,o4os5TXo6Vk,57
2270,lUFpahcEOX8,12
2271,ZVPTxFZTQis,21
2272,YaTxVflKDQw,0
2273,bU7u_MhVvvo,7
2274,nQDcDZ6rmGE,40
2275,4dp31MWMjeM,0
2276,mlxdnyfkWKQ,16
2277,hBaiNeNZGJU,60
2278,UuOAs0IiEI0,35
2279,ErWde9LVg0A,70
2280,0ptNpGfMRCg,21
2281,_Eb9kppyRxc,31
2282,ip6YrQt-dp8,-2
2283,6HXaooyXjds,55
2284,wiBhzhQu_2c,64
2285,ftrFGwlYO7w,49
2286,b-znn2eQL08,48
2287,Lv3Uy2rjgCE,39
2288,x9VBzdkHMBU,28
2289,1QWLyi03twg,9
2290,dInwVhRtN4E,5
2291,JNzCrIcAnck,34
2292,hNsUtZmWgdg,5
2293,lse3oJfPPk4,30
2294,TmVu7Sn7hZw,-6
2295,qtfMzdqifF0,10
2296,o1vV0oorclg,6
2297,CGN6QXv7sfs,11
2298,ZcsE0kjqvAQ,2
2299,_MEFyG-IE_I,31
2300,nL9bZbv2aXY,57
2301,ciXIdvfejn4,26
2302,QC-cMv0e3Dc,8
2303,J_OyB0k-IVg,-2
2304,UO0hIASuAqY,10
2305,N_zDcuX1Y54,51
2306,paXOkGMyG8M,49
2307,RIGgn1s3AvI,33
2308,tSRg5cFIxI0,73
2309,ZW4jOlyj-sM,37
2310,wmiy00-NqDk,27
2311,WJfeapsCnPI,-2
2312,WRzqSDyOSbY,36
2313,7esz7R9p_40,24
2314,VGBZ2YfVx1Y,28
2315,AEaKrq3SpW8,22
2316,sa3G0vBlucg,52
2317,ddJ7HLIfJdk,38
2318,jII6DYV_yPQ,1
2319,X7WFMUq5ECE,17
2320,qLzIaAYFhNs,3
2321,F8i8pnZmk50,30
2322,m59HKBUi3cY,30
2323,CEcrgOuBiUM,34
2324,pQiV81L3zL0,0
2325,JtZo62mPEKM,30
2326,aiXo6WyhCJs,28
2327,tVtsp_mASno,15
2328,HpxsQ1_UAec,-3
2329,h4JP6su_mio,21
2330,YYmlI7yT9cg,30
2331,PbW14E2eHJ0,31
2332,E5Hfl6Nqw3Q,6
2333,6ErzVDwcla0,8
2334,Bn7ZtoFTm2Y,58
2335,xcaeyJTx4Co,33
2336,S_9OSktlm6s,21
2337,l7yxJDFvTRM,-3
2338,OWpSYn40eLc,19
2339,ZcTvrxwP6Is,9
2340,dN9hA7J79VI,-14
2341,gGILiLTenR8,8
2342,YMLLK844QII,22
2343,2Lq5pZrbpHc,29
2344,VFODNI4DBDI,-17
2345,jY9xBAAa5fs,12
2346,8ZRCdfaAIy0,20
2347,5mgGrx8uaRQ,9
2348,hOFRbjjjwCE,-2
2349,1Q-ZREGfxTI,12
2350,D59v74k5flU,21
2351,ao21eJgsF1w,19
2352,NJ2asQtT014,-14
2353,EmlH7yRKmSY,13
2354,RtEvTmhVeQQ,15
2355,7V1J_MDi9Lg,19
2356,6JV_q-vrfBw,-25
2357,DyTlOIa6RLo,-3
2358,HkoGtBEA1co,53
2359,1lOd7rDFYbc,62
2360,TNhyrPaGFYQ,11
2361,eKjiJYkvKwQ,29
2362,an5vV5aw74I,41
2363,ekaeJN9Sgu0,22
2364,L00YWl8StuI,19
2365,2WIzsHMcSp4,17
2366,nW-aml4r7Gc,42
2367,iKzRIweSBLA,37
2368,E7HqW6S-g7c,19
2369,Lwn97mpBCu8,20
2370,1NyMSWqIJDQ,4
2371,mUDQvKtkMwE,34
2372,KUH0KQ1qMiw,11
2373,JU21shbaVBo,18
2374,ofz2cHLkiRI,19
2375,3E_fT0aTsjI,29
2376,SNCeopgkSAU,12
2377,4YX_1wql-Xw,20
2378,6FgoZiTT52w,19
2379,ermfn4zyosw,-6
2380,evvVtqmvE5w,14
2381,NPptT6BsnWQ,37
2382,LyEY0sNQIGQ,37
2383,M1nSzaWFTDE,15
2384,a6V-fKcW5YI,1
2385,R-4a_mQQTpc,35
2386,8rlfu6UX5D0,12
2387,DAOrRCeCK-w,8
2388,o5xxIciBSME,20
2389,UaXgj3qG2XI,15
2390,8hAdOYDoo4c,29
2391,xtpM8cBES3k,38
2392,dt__kig8PVU,40
2393,hwNIzQLtHnU,46
2394,p25S_5P6ejg,68
2395,-jFgNreZPf0,25
2396,KUCHBBCj77I,41
2397,oSRXEHsORZo,37
2398,uwukx6DGmW8,29
2399,q8b5mciIDnA,8
2400,3fILUAGw2mE,23
2401,IN0PWfSZ3Fc,-4
2402,-uYWFqTPHd0,39
2403,4k56sdESwHQ,30
2404,H0okA2gPt_Q,21
2405,UdHopftQD3A,51
2406,1yYV9-KoSUM,52
2407,_6Qbslgpw8U,17
2408,EHC6sYfF4cg,15
2409,FpZ1sIjQrf4,21
2410,G_SjnHwxWMU,12
2411,uA4STm4hx7Q,34
2412,htAqXYmFKgo,33
2413,q6yzrZfgQvI,39
2414,8WyDjXSLg88,24
2415,k8T9SMqAqyc,68
2416,kz7-ZKcyBBE,30
2417,kjNU-dbG3ek,8
2418,12vfxYs6F7E,37
2419,pU4uLAI48eY,38
2420,ccLXx4DB8ZQ,21
2421,HsiWOp-ImoE,39
2422,0pwttmAYCTw,47
2423,05v4nfUmBYI,37
2424,BY3SLVNBkeo,34
2425,QAT8fXZI0b0,52
2426,Q3Rq-irFn1w,34
2427,vS_NlXmPB3I,64
2428,IvFw9zhIYkQ,36
2429,4gKhm09PKPQ,29
2430,6gwM9v_OwUc,17
2431,tlTKTTt47WE,23
2432,OMGO51u4ou4,33
2433,lLAmL6Tz59Y,6
2434,5Xe0Qd6bUFo,19
2435,OCCKNCvNbkc,17
2436,MDe4hPh7dDU,35
2437,FNh2ZsQkNus,35
2438,3d9i_0Ty7Cg,32
2439,65fZOBR0pmM,35
2440,9VjKMTwFXMw,6
2441,F5Ma-1A-NS0,-29
2442,7KS2oJPzeZk,30
2443,_iBpGz54ngs,54
2444,yZMt87ZdUbw,26
2445,OZAfse9Pb4c,9
2446,Koxzz7LDmEE,18
2447,735_W3zsIw4,20
2448,ljXSjIph5ZM,33
2449,VQTyRVBkeIw,6
2450,JvUGfF0iYtU,11
2451,IHi5jq2P_Zk,49
2452,W7DErx-Yg9g,69
2453,QQP6c_xLetk,18
2454,EZaPeQ2dxh8,0
2455,tku0H7YeMeA,64
2456,yj7OZ602CM8,27
2457,Z4QcwsEbKyo,16
2458,fbokWw3b94k,27
2459,A8QQBRIqZmw,17
2460,FgW2kpNQ7BY,3
2461,RlduVwzqK2o,68
2462,hbfxFdl8B8M,27
2463,k1eYiq_V5cM,36
2464,kEUfrSxTQ1s,-8
2465,6O7x7-srbHI,43
2466,JPTB93NS_8M,47
2467,yIq-N7m0upU,32
2468,lUFpahcEOX8,12
2469,wQD1JvJZXdI,27
2470,qR1EM-RIZNk,13
2471,XF_ARz7jTUw,33
2472,AOQZNHueNQQ,25
2473,fWfKfX9hXqc,19
2474,pV_5gjQ7lhk,3
2475,Ybbii2XIavU,51
2476,PJsJ96yyVk8,39
2477,TzyraAp3jaY,20
2478,9mAcJRFfAL0,30
2479,j4OWNMSOwbA,2
2480,dpMFGr-wznc,30
2481,8ndhidEmUbI,1
2482,FBdyMBRcxeo,14
2483,XNJmeXb4Y0A,26
2484,o9n3bR8VMW8,27
2485,ZVPTxFZTQis,17
2486,nQDcDZ6rmGE,34
2487,b-znn2eQL08,52
2488,o4os5TXo6Vk,50
2489,1kHmFjHzR-s,63
2490,YaTxVflKDQw,-1
2491,5XpbCWsHWKQ,40
2492,L3O6LocRoTo,26
2493,aiXo6WyhCJs,36
2494,vo391vKvD4s,71
2495,mlxdnyfkWKQ,16
2496,hNsUtZmWgdg,2
2497,5DDB6YnVCoA,49
2498,4dp31MWMjeM,0
2499,Eat7nKj_30o,4
2500,aLWLzUa2Qyk,28
2501,UuOAs0IiEI0,33
2502,ErWde9LVg0A,58
2503,0ptNpGfMRCg,12
2504,CGN6QXv7sfs,13
2505,_Eb9kppyRxc,27
2506,wiBhzhQu_2c,64
2507,dRVWX8L-kHg,7
2508,ip6YrQt-dp8,-3
2509,x9VBzdkHMBU,29
2510,Lv3Uy2rjgCE,43
2511,ftrFGwlYO7w,54
2512,JNzCrIcAnck,46
2513,kIssu4XLg00,28
2514,ZcsE0kjqvAQ,2
2515,1QWLyi03twg,8
2516,6HXaooyXjds,58
2517,nL9bZbv2aXY,57
2518,Xf4IYI9Gj7Y,53
2519,hBaiNeNZGJU,62
2520,bU7u_MhVvvo,7
2521,dInwVhRtN4E,0
2522,o1vV0oorclg,7
2523,lse3oJfPPk4,29
2524,YjS-QrzTJz8,18
2525,YYmlI7yT9cg,23
2526,ciXIdvfejn4,28
2527,TmVu7Sn7hZw,-6
2528,7esz7R9p_40,24
2529,xcaeyJTx4Co,20
2530,S_9OSktlm6s,20
2531,l7yxJDFvTRM,15
2532,OWpSYn40eLc,21
2533,ZcTvrxwP6Is,11
2534,dN9hA7J79VI,-19
2535,gGILiLTenR8,10
2536,YMLLK844QII,25
2537,VFODNI4DBDI,-11
2538,2Lq5pZrbpHc,21
2539,jY9xBAAa5fs,8
2540,8ZRCdfaAIy0,30
2541,5mgGrx8uaRQ,16
2542,hOFRbjjjwCE,-9
2543,1Q-ZREGfxTI,8
2544,D59v74k5flU,22
2545,EmlH7yRKmSY,14
2546,ao21eJgsF1w,11
2547,NJ2asQtT014,-9
2548,RtEvTmhVeQQ,18
2549,6JV_q-vrfBw,-1
2550,7V1J_MDi9Lg,21
2551,DyTlOIa6RLo,-7
2552,HkoGtBEA1co,45
2553,1lOd7rDFYbc,61
2554,TNhyrPaGFYQ,8
2555,eKjiJYkvKwQ,31
2556,an5vV5aw74I,33
2557,nW-aml4r7Gc,47
2558,ekaeJN9Sgu0,30
2559,L00YWl8StuI,26
2560,2WIzsHMcSp4,10
2561,ermfn4zyosw,-5
2562,iKzRIweSBLA,48
2563,ODssdet9XJ4,26
2564,1NyMSWqIJDQ,22
2565,E7HqW6S-g7c,17
2566,Lwn97mpBCu8,28
2567,KUH0KQ1qMiw,26
2568,ofz2cHLkiRI,11
2569,3E_fT0aTsjI,31
2570,mUDQvKtkMwE,25
2571,hwNIzQLtHnU,44
2572,UaXgj3qG2XI,26
2573,JU21shbaVBo,18
2574,SNCeopgkSAU,15
2575,evvVtqmvE5w,13
2576,4YX_1wql-Xw,22
2577,6FgoZiTT52w,14
2578,LyEY0sNQIGQ,44
2579,a6V-fKcW5YI,-2
2580,uwukx6DGmW8,28
2581,q8b5mciIDnA,7
2582,o5xxIciBSME,26
2583,NPptT6BsnWQ,36
2584,DvbYf4eyGFI,44
2585,R-4a_mQQTpc,36
2586,M1nSzaWFTDE,6
2587,8rlfu6UX5D0,39
2588,8hAdOYDoo4c,39
2589,UdHopftQD3A,50
2590,DAOrRCeCK-w,10
2591,dt__kig8PVU,40
2592,G_SjnHwxWMU,15
2593,p25S_5P6ejg,70
2594,k8T9SMqAqyc,69
2595,kz7-ZKcyBBE,30
2596,oSRXEHsORZo,33
2597,12vfxYs6F7E,21
2598,KUCHBBCj77I,48
2599,-jFgNreZPf0,29
2600,BY3SLVNBkeo,33
2601,3fILUAGw2mE,32
2602,EHC6sYfF4cg,21
2603,H0okA2gPt_Q,16
2604,FpZ1sIjQrf4,42
2605,-uYWFqTPHd0,36
2606,vS_NlXmPB3I,58
2607,pU4uLAI48eY,40
2608,1yYV9-KoSUM,53
2609,_6Qbslgpw8U,16
2610,4k56sdESwHQ,29
2611,q6yzrZfgQvI,43
2612,8WyDjXSLg88,31
2613,htAqXYmFKgo,23
2614,FNh2ZsQkNus,36
2615,kjNU-dbG3ek,1
2616,4gKhm09PKPQ,25
2617,05v4nfUmBYI,37
2618,6gwM9v_OwUc,20
2619,0pwttmAYCTw,33
2620,Q3Rq-irFn1w,33
2621,HsiWOp-ImoE,36
2622,IvFw9zhIYkQ,34
2623,D6zUj1tKxiU,
2624,lLAmL6Tz59Y,7
2625,tlTKTTt47WE,26
2626,OMGO51u4ou4,29
2627,IN0PWfSZ3Fc,-5
2628,yZMt87ZdUbw,26
2629,5Xe0Qd6bUFo,25
2630,OCCKNCvNbkc,27
2631,uA4STm4hx7Q,32
2632,735_W3zsIw4,20
2633,F5Ma-1A-NS0,-18
2634,MDe4hPh7dDU,22
2635,VQTyRVBkeIw,7
2636,3d9i_0Ty7Cg,29
2637,IHi5jq2P_Zk,54
2638,W7DErx-Yg9g,72
2639,QQP6c_xLetk,24
2640,65fZOBR0pmM,33
2641,7KS2oJPzeZk,37
2642,yj7OZ602CM8,30
2643,9VjKMTwFXMw,4
2644,Koxzz7LDmEE,4
2645,OZAfse9Pb4c,14
2646,ccLXx4DB8ZQ,23
2647,mShBE_wHAk8,
2648,QAT8fXZI0b0,52
2649,ljXSjIph5ZM,40
2650,JvUGfF0iYtU,17
2651,tku0H7YeMeA,66
2652,lJj66BCiZWQ,2
2653,k1eYiq_V5cM,38
2654,_iBpGz54ngs,55
2655,Z4QcwsEbKyo,20
2656,EZaPeQ2dxh8,0
2657,A8QQBRIqZmw,9
2658,fWfKfX9hXqc,18
2659,pV_5gjQ7lhk,6
2660,Ybbii2XIavU,51
2661,RlduVwzqK2o,62
2662,v_TJKwJwN0E,21
2663,XF_ARz7jTUw,24
2664,hbfxFdl8B8M,26
2665,j4OWNMSOwbA,1
2666,9mAcJRFfAL0,28
2667,Ln4gDwbtKMw,6
2668,dpMFGr-wznc,35
2669,HFXwHcFyU_M,-1
2670,kEUfrSxTQ1s,-8
2671,yIq-N7m0upU,33
2672,XNJmeXb4Y0A,26
2673,wQD1JvJZXdI,36
2674,6O7x7-srbHI,42
2675,fbokWw3b94k,27
2676,TzyraAp3jaY,24
2677,FBdyMBRcxeo,25
2678,lUFpahcEOX8,12
2679,ZVPTxFZTQis,17
2680,FgW2kpNQ7BY,5
2681,PJsJ96yyVk8,42
2682,8ndhidEmUbI,-7
2683,o9n3bR8VMW8,31
2684,JPTB93NS_8M,47
2685,5DDB6YnVCoA,49
2686,o4os5TXo6Vk,64
2687,b-znn2eQL08,53
2688,YaTxVflKDQw,-3
2689,vo391vKvD4s,66
2690,x9VBzdkHMBU,31
2691,ErWde9LVg0A,65
2692,Lv3Uy2rjgCE,42
2693,nQDcDZ6rmGE,30
2694,L3O6LocRoTo,20
2695,JNzCrIcAnck,45
2696,0ptNpGfMRCg,15
2697,aiXo6WyhCJs,28
2698,UuOAs0IiEI0,35
2699,4dp31MWMjeM,0
2700,1kHmFjHzR-s,64
2701,_Eb9kppyRxc,35
2702,aLWLzUa2Qyk,33
2703,AOQZNHueNQQ,23
2704,Eat7nKj_30o,6
2705,ftrFGwlYO7w,49
2706,Xf4IYI9Gj7Y,50
2707,dRVWX8L-kHg,7
2708,o1vV0oorclg,8
2709,YjS-QrzTJz8,18
2710,ip6YrQt-dp8,-2
2711,5XpbCWsHWKQ,40
2712,6HXaooyXjds,58
2713,lse3oJfPPk4,29
2714,1QWLyi03twg,6
2715,s51nDk3bEOg,1
2716,hBaiNeNZGJU,64
2717,mlxdnyfkWKQ,15
2718,hNsUtZmWgdg,5
2719,WRzqSDyOSbY,26
2720,bU7u_MhVvvo,12
2721,kIssu4XLg00,28
2722,YYmlI7yT9cg,22
2723,,
2724,,
2725,,
2726,,
2727,,
2728,,
2729,,
2730,,
2731,,
2732,,
2733,,
2734,,
2735,,
2736,,
2737,,
2738,,
2739,,
2740,,
2741,,
2742,,
2743,,
2744,,
2745,,
2746,,
2747,,
2748,,
2749,,
2750,,
2751,,
2752,,
2753,,
2754,,
2755,,
2756,,
2757,,
2758,,
2759,,
2760,,
2761,,
2762,,
2763,,
2764,,
2765,,
2766,,
2767,,
2768,,
2769,,
2770,,
2771,,
2772,,
2773,,
2774,,
2775,,
2776,,
2777,,
2778,,
2779,,
2780,,
2781,,
2782,,
2783,,
2784,,
2785,,
2786,,
2787,,
2788,,
2789,,
2790,,
2791,,
2792,,
2793,,
2794,,
2795,,
2796,,
2797,,
2798,,
2799,,
